"cell","pseudotime"
"AAACCCAAGCACCTGC-1",13.6353677198972
"AAACCCACATAATCCG-1",13.880202663374
"AAACCCATCCAGGACC-1",14.4680222797946
"AAACGAATCTGGCTGG-1",15.8076390052501
"AAACGCTAGCACGGAT-1",16.9757947185044
"AAACGCTAGGAGGCAG-1",15.7942868296449
"AAACGCTAGTTGCCCG-1",13.5356650117378
"AAACGCTTCCCTCGTA-1",13.1897161101694
"AAACGCTTCTACCAGA-1",16.0628064520027
"AAAGAACAGGGCCAAT-1",8.1948019093824
"AAAGAACGTTAACAGA-1",14.4775581188871
"AAAGAACGTTTGCCGG-1",0.0109236506007062
"AAAGAACTCGCGTGAC-1",13.9289159819586
"AAAGAACTCGTCACCT-1",14.491413285107
"AAAGGATAGGGTGAGG-1",8.95969376735204
"AAAGGGCAGGTCGTCC-1",0.00293979606185113
"AAAGGGCGTAGCGAGT-1",10.8688048279629
"AAAGGGCTCTCAATCT-1",16.398059172561
"AAAGGTAAGGGACACT-1",13.0292244776308
"AAAGTCCCAACTGCTA-1",0.0109235750391155
"AAAGTCCCACACACTA-1",7.91443694150322
"AAAGTCCGTAGGCAAC-1",9.70494080245264
"AAAGTCCGTGGGCTCT-1",13.9886393382913
"AAAGTGAAGACCTTTG-1",0.575758306486366
"AAAGTGAAGAGACAAG-1",0.0109234994775247
"AAAGTGACACCCGTAG-1",0.0109234239159339
"AAAGTGACATAACTCG-1",16.1650210354138
"AAATGGAAGCTTGTTG-1",13.555945148445
"AAATGGAAGGTCGTGA-1",0.0109233483543432
"AAATGGATCGGAGCAA-1",1.47754732027931
"AACAAAGCAAGAGTAT-1",14.1975537597241
"AACAACCAGTATCTGC-1",3.59417961192435
"AACAACCAGTCATTGC-1",13.3272976336007
"AACAACCTCCACGAAT-1",14.5066636353816
"AACAACCTCCGTGGCA-1",11.5839971714431
"AACAAGAGTACTCGCG-1",12.6184969780514
"AACAAGATCCATCAGA-1",13.3272977091623
"AACACACCAGAAACCG-1",7.82791089005038
"AACAGGGGTATAATGG-1",0.0340828233260071
"AACCAACAGACAACTA-1",10.7592030694737
"AACCAACAGGGAGATA-1",15.9879094286581
"AACCACAAGAAACTGT-1",11.4984104536508
"AACCACAAGACGCTCC-1",9.70494087801423
"AACCACAAGTACAGAT-1",13.3272977847239
"AACCACATCACTACGA-1",15.398335315486
"AACCATGCAATCGCAT-1",1.36534093347988
"AACCATGCATGGCTAT-1",12.6029913246474
"AACCATGGTGGAAATT-1",13.8808944060651
"AACCATGGTTTCGTTT-1",3.59678998657403
"AACCTGAGTCATCTAG-1",16.6287004401968
"AACCTGATCCAAACCA-1",13.3272978602855
"AACCTTTTCAATCTCT-1",3.59417968748594
"AACGAAAAGAAAGTCT-1",7.04344760138576
"AACGAAAAGGAGTCTG-1",14.3609626836293
"AACGGGAAGGGCTGAT-1",3.59417976304753
"AACGGGACAAATTGGA-1",11.1330644623588
"AACGGGACAACGCATT-1",0.272677917163415
"AACGGGACACATTCTT-1",15.9879095042196
"AACGGGAGTGACCTGC-1",16.3870494380795
"AACGGGAGTTTCGCTC-1",12.8722376785995
"AACGTCAAGAAGCCAC-1",11.1027067805173
"AACTTCTTCCAACTAG-1",1.79435837056838
"AAGAACACATTCTGTT-1",3.43262727980849
"AAGAACAGTGCAGTGA-1",15.2758159950538
"AAGAACAGTTACGCCG-1",7.42989091759641
"AAGAACAGTTATAGAG-1",10.939043407774
"AAGAACATCAGATTGC-1",13.0292245531924
"AAGAACATCAGTGTGT-1",7.62005004032182
"AAGAACATCGCTACGG-1",1.28166954083526
"AAGACAAAGAGCCATG-1",10.0534218388781
"AAGACAAAGTGGACGT-1",13.3272979358471
"AAGACAAAGTTGTCAC-1",14.3570517750715
"AAGACAACACACGGAA-1",0.370401591235922
"AAGACAACACCCTGTT-1",4.73476697097874
"AAGACTCAGGGACACT-1",11.3907324540771
"AAGACTCGTAGTCTGT-1",12.5865066225494
"AAGACTCGTTACCTTT-1",3.59417983860912
"AAGACTCTCGCTGACG-1",0.0109232727927524
"AAGACTCTCTCTCAAT-1",15.6772023117527
"AAGATAGAGTACAGAT-1",13.1318684482185
"AAGATAGCACAGCTTA-1",9.38199254778871
"AAGATAGCATGAATCC-1",13.3272980114086
"AAGCATCCATATGAAG-1",0.0109231972311616
"AAGCCATGTCTGTGAT-1",16.2454238984449
"AAGCCATTCCGCACTT-1",9.60892691490798
"AAGCGAGAGGAGAATG-1",1.33237789272561
"AAGCGAGCAACCGACC-1",16.1985344881618
"AAGCGAGCAGCTTTCC-1",13.1097776876013
"AAGCGAGGTATCTTCT-1",14.6238851631961
"AAGCGAGGTTGTGCCG-1",0.0109231216695709
"AAGCGAGTCGACGTCG-1",12.4026790914154
"AAGCGAGTCTACCCAC-1",13.3272980869702
"AAGCGTTCACTAGAGG-1",12.4624464790599
"AAGCGTTGTTCAATCG-1",1.3323779682872
"AAGGAATAGAATCGCG-1",0.0109230461079801
"AAGGAATAGAGTCTTC-1",11.5256771483629
"AAGGAATCACTGTCCT-1",14.0706938960714
"AAGGTAAGTGGATCAG-1",12.4026791669769
"AAGGTAATCCCGATCT-1",16.1915827677308
"AAGGTAATCCTACGAA-1",13.3272981625318
"AAGTACCAGCTTCGTA-1",13.5559452240066
"AAGTACCAGGAAAGAC-1",8.95969384291363
"AAGTCGTGTACTGACT-1",16.132816713245
"AAGTCGTGTGGTAACG-1",16.1136716213087
"AAGTCGTGTTCCAAAC-1",16.0971264053382
"AAGTGAATCATTCGTT-1",13.029224628754
"AAGTGAATCCGAGGCT-1",16.1891583309901
"AAGTGAATCTCGTCGT-1",12.6017134074683
"AAGTTCGAGGAGGGTG-1",15.9879095797812
"AAGTTCGCACAAGTGG-1",16.2636306180669
"AAGTTCGTCAGCACCG-1",1.1824769642027
"AATAGAGAGGTGCTTT-1",9.70494095357582
"AATAGAGCAGACAAAT-1",11.7109932764612
"AATAGAGTCGCGCCAA-1",16.8264062602782
"AATCACGCATTGCTGA-1",15.5524435351194
"AATCACGGTGGCTACC-1",7.27913030256741
"AATCACGGTTTCGGCG-1",13.3272982380934
"AATCACGTCCGTTGGG-1",13.1392314850043
"AATCGACCACGATAGG-1",0.0109229705463894
"AATCGACTCAAAGGAT-1",1.36072240815332
"AATCGTGAGGCCACCT-1",9.9509277028498
"AATCGTGCAGGAGGTT-1",12.5603407257395
"AATGAAGGTCCGATCG-1",13.4798695095866
"AATGAAGTCGGAAGGT-1",13.6229050840801
"AATGACCTCCTCTAGC-1",11.1384407901127
"AATGACCTCCTTGGAA-1",9.20015510410281
"AATGACCTCTGTCGTC-1",10.5131191483998
"AATGCCACACAACATC-1",12.8066569548571
"AATGCCACAGGATTCT-1",11.6245184444402
"AATGGAACAGCGTACC-1",11.3193206348661
"AATGGAAGTACCCGCA-1",15.9879096553428
"AATGGCTAGCTAATCC-1",13.327298313655
"AATGGCTAGGTTCCAT-1",12.4500976361345
"AATGGCTTCCCATAGA-1",11.3815157695777
"AATTCCTAGTTGAATG-1",16.8345265183545
"AATTCCTTCAGACCTA-1",15.9215711173896
"AATTCCTTCTATTGTC-1",10.0554405392014
"AATTTCCAGGGCAGGA-1",13.9289160575202
"AATTTCCGTTCTGAGT-1",11.3193207104277
"ACAAAGACATTGTGCA-1",13.0375978521443
"ACAACCAAGAGTCAGC-1",1.4404117464231
"ACAACCAAGCGTCAAG-1",7.31330597229721
"ACAACCACAGAGCCCT-1",3.59417991417071
"ACAACCACATGCAGCC-1",9.87458214800526
"ACAACCATCCCTCGTA-1",1.32654881225563
"ACAAGCTAGACTCGAG-1",10.0641089784996
"ACAAGCTCATCTCGTC-1",4.28940897691904
"ACAAGCTTCATCGTAG-1",0.0109228949847986
"ACACAGTGTATGAAAC-1",16.3868953789738
"ACACCAACACAACGTT-1",3.58434224188942
"ACACCAATCCTAGCGG-1",3.5941799897323
"ACACGCGCAGCTCGGT-1",13.3272983892166
"ACACGCGGTCCCGTGA-1",11.557984067435
"ACACTGAAGAGAACCC-1",9.77681831559143
"ACACTGAAGGCTTCCG-1",15.1860754506094
"ACACTGAAGTGCCGAA-1",10.064261315419
"ACACTGACAGACAAGC-1",8.05288036232973
"ACACTGAGTCGCTTAA-1",15.9140595333011
"ACACTGAGTCTGCGCA-1",3.96831131967125
"ACACTGATCTGACGCG-1",11.4067740971935
"ACAGAAAAGAGATCGC-1",13.3010030536257
"ACAGAAACAGGTGAGT-1",1.27603064423573
"ACAGCCGAGATACAGT-1",13.3272984647782
"ACAGCCGGTTCGAACT-1",16.6075576979482
"ACAGGGACAGACGATG-1",13.8109438308875
"ACAGGGAGTGGATCGA-1",7.63480885282137
"ACATCCCCAAGGACAC-1",14.3253429720988
"ACATCCCCAGTTGAAA-1",13.8811455002005
"ACATCCCGTATCAGGG-1",15.2078357382352
"ACATCGAGTCGCAACC-1",14.4292615014808
"ACATTTCGTCTGTGCG-1",9.31174330837721
"ACATTTCGTTAGTTCG-1",9.67473839224768
"ACCAAACGTTCTCGTC-1",13.3272985403398
"ACCAACACACCAATTG-1",0.575758382047957
"ACCAACACACGGCCAT-1",8.95969391847522
"ACCAACACATGCCATA-1",4.25821430609786
"ACCAACATCCGTACGG-1",12.6937953654019
"ACCAACATCGCGTCGA-1",0.0109228194232078
"ACCACAAGTCAAATCC-1",7.6117187648847
"ACCACAATCTTCGGAA-1",13.5559452995682
"ACCATTTCAGAAGTTA-1",13.3272986159014
"ACCATTTGTATGGTTC-1",9.70494102913741
"ACCATTTTCGACGCTG-1",15.537974671547
"ACCCAAAAGAGCCCAA-1",17.0775120095655
"ACCCAAACAATCGTCA-1",16.1890825291299
"ACCCAAATCATCGCCT-1",13.327298691463
"ACCCTCATCTGGGATT-1",1.33237804384879
"ACCCTTGCAGTTAAAG-1",11.5383968834591
"ACCGTTCAGCTGACCC-1",13.0425992371563
"ACCGTTCTCCGATGCG-1",16.1885048156851
"ACCTGTCGTGCAGGAT-1",0.0129063223369519
"ACCTGTCTCCGAGAAG-1",12.6044144218153
"ACGATGTAGACAAGCC-1",7.71859757653726
"ACGATGTAGTCCTGTA-1",11.4913003349513
"ACGCACGTCGTCCTTG-1",8.72651903206454
"ACGGAAGAGTCTTGGT-1",0.0109227438616171
"ACGGAAGCAGAAGCGT-1",14.6018715709738
"ACGGAAGCATTGTCGA-1",0.329509979712478
"ACGGAAGGTGCAATGG-1",8.95969399403681
"ACGGGTCAGCGTCAGA-1",15.3486210025713
"ACGGGTCCACAATGAA-1",3.5941800652939
"ACGGGTCCAGTTGAAA-1",15.6255466705132
"ACGGTCGAGTAGGATT-1",16.1714171056581
"ACGGTCGAGTGTCATC-1",10.7955133881568
"ACGGTCGTCAGAACCT-1",17.0775120851271
"ACGGTCGTCGAGAACG-1",0.0109226683000263
"ACGGTTAAGTTAACAG-1",13.9886394138529
"ACGGTTACACATAGCT-1",13.6160275305503
"ACGTAACCAGATCATC-1",10.1373310083585
"ACGTAACCAGGTAGTG-1",15.2988831970435
"ACGTAACGTGCGGATA-1",4.8489560889798
"ACGTAACTCAAGAATG-1",1.45835310943762
"ACGTACAAGTGGAATT-1",15.7541977483034
"ACGTACATCAGTCATG-1",4.48050439473421
"ACGTAGTAGCGAACTG-1",16.4939547925138
"ACGTAGTAGCTGACAG-1",9.11045320299248
"ACGTAGTAGGTCCTGC-1",14.3537212620306
"ACGTAGTCAAGTACCT-1",1.30145230866391
"ACGTCCTCATAATCCG-1",8.42260848876273
"ACGTCCTGTTGGCCGT-1",16.2679629820154
"ACGTTCCAGTCTGCAT-1",2.25254584776711
"ACGTTCCTCCATGAGT-1",13.6486934815708
"ACGTTCCTCGACGAGA-1",13.3272987670246
"ACTACGACAGTCAACT-1",9.67779310412742
"ACTACGAGTTCACCGG-1",8.16651790690668
"ACTACGATCAGTCCGG-1",17.0051070072584
"ACTATGGCACTCGATA-1",11.341902022398
"ACTATGGCACTGGCCA-1",12.9663016620198
"ACTATGGCATGCCATA-1",13.3272988425861
"ACTATGGGTAAGGCTG-1",16.7011724262685
"ACTATTCCAAATCAGA-1",9.704941104699
"ACTATTCGTTCTATCT-1",8.9596940695984
"ACTATTCTCTAGACAC-1",15.0808452767332
"ACTCCCAAGTACCATC-1",15.9879097309044
"ACTCTCGAGAGGGTGG-1",14.0621831536177
"ACTCTCGGTGTCCTAA-1",14.8325825339796
"ACTGATGAGGATACAT-1",13.9886394894145
"ACTGATGCAGAACGCA-1",4.33142295514813
"ACTGATGTCAGCGGAA-1",0.0210845722552802
"ACTGCAAAGACTACCT-1",13.3272989181477
"ACTGCAAAGCATCCTA-1",12.6433234703328
"ACTGCAAGTGGAGGTT-1",15.2521655443174
"ACTGCAAGTTTGTTCT-1",9.69285518183952
"ACTGCAATCTGAGAGG-1",14.5684520487113
"ACTGTCCAGCATCCCG-1",4.98757431100273
"ACTGTCCGTGACAGCA-1",16.1238867895654
"ACTGTCCTCTAGGCAT-1",9.46402287950298
"ACTGTGACAGGTTCCG-1",8.08395768466794
"ACTGTGAGTATCAGGG-1",11.4508014419437
"ACTGTGAGTCCTTTGC-1",13.9886395649761
"ACTGTGATCACCCTTG-1",12.6433235458944
"ACTGTGATCGGAAGGT-1",0.0109225927384355
"ACTTAGGAGTTGAAGT-1",15.8476774430928
"ACTTAGGCATTGACAC-1",9.22570246727337
"ACTTATCAGGGAACAA-1",16.9242781611896
"ACTTATCCAAGCCTGC-1",15.987909806466
"ACTTATCCACACGGTC-1",15.9879098820276
"ACTTCCGCATCCGTGG-1",5.02625831621357
"ACTTCCGTCCATCCGT-1",10.5993061535613
"ACTTCCGTCCATTCGC-1",8.29629190523744
"ACTTCGCAGCGCATCC-1",10.5706561970631
"ACTTCGCAGTCGGCAA-1",0.0109225171768448
"ACTTCGCCAGGCACTC-1",8.95969414515999
"ACTTCGCTCGCCAGAC-1",14.1032017785299
"ACTTTCACAATGAAAC-1",9.38845042125711
"ACTTTGTAGAATTTGG-1",14.2681225468097
"ACTTTGTAGCCTCGTG-1",13.9567809683708
"ACTTTGTAGGGTTAGC-1",13.1035456100504
"ACTTTGTGTGAGGATC-1",13.0292247043156
"ACTTTGTTCCATCAGA-1",13.3272989937093
"AGAAATGGTAACCCGC-1",3.59418014085549
"AGAAATGTCCTCACCA-1",15.8022129825457
"AGAACAAAGACATATG-1",15.9879099575892
"AGAACAACATGGAATA-1",9.62377979578867
"AGAACAAGTCGTAATC-1",16.5779822154307
"AGAACAATCCGTTTCG-1",14.9812884697153
"AGAACCTAGTAGTCCT-1",1.16098224833332
"AGAACCTCAACTGATC-1",13.5909807240628
"AGAACCTGTGTAACGG-1",16.0982789508374
"AGAAGCGCAACGGCCT-1",14.1789210272773
"AGAAGCGCACGGTGCT-1",16.4897038590992
"AGAAGTAAGCCTGTCG-1",11.1396694760252
"AGAAGTAAGGTGATCG-1",11.1409974169163
"AGAAGTACAGGTTACT-1",16.7024301834031
"AGAAGTAGTAGCTGCC-1",12.6124897953323
"AGAAGTATCATTTACC-1",4.32016132668762
"AGACAAACAGCTGTAT-1",10.0604191672389
"AGACAAACATCCGTTC-1",10.0521352107255
"AGACAAAGTGGAATGC-1",1.45900967735152
"AGACACTAGACCAAGC-1",12.643323621456
"AGACACTCAGGTTCAT-1",3.71408209719535
"AGACACTCATGTGTCA-1",14.0902889881763
"AGACACTGTACAGGTG-1",2.40158592301105
"AGACACTTCTATACTC-1",9.92342555812641
"AGACAGGAGGATGTTA-1",2.40158599857264
"AGACAGGAGGCCACCT-1",11.5620352046995
"AGACAGGCAACTCGTA-1",13.0472205479447
"AGACAGGCATTGCCTC-1",11.3920866996447
"AGACAGGTCAGAGTGG-1",15.9281553913528
"AGACCATAGCAATAGT-1",7.92207534100829
"AGACCATAGCATTGTC-1",11.1960559620475
"AGACCCGAGCACGTCC-1",16.267963057577
"AGACCCGCAACATACC-1",13.8802027389356
"AGACCCGCAGGGTTGA-1",14.0451843649838
"AGACTCAGTGTCCAAT-1",15.9879100331508
"AGACTCATCGAGAATA-1",0.010922441615254
"AGAGAATAGTCTGCGC-1",0.0109223660536633
"AGAGAATGTGGACAGT-1",10.2206345672229
"AGAGAATTCCTAGCCT-1",9.49670584015396
"AGAGAGCCATCGCCTT-1",13.5559453751297
"AGAGAGCTCCTGTAAG-1",14.4914133606686
"AGAGCCCAGGTTCACT-1",15.9879101087124
"AGAGCCCTCAGAGCAG-1",15.7734901963166
"AGAGCCCTCTAGGCAT-1",10.7320027977043
"AGATAGACAAGTCCAT-1",15.8638531041224
"AGATAGACAGGCGTTC-1",10.0529097417169
"AGATAGATCTCAGTCC-1",12.6433236970176
"AGATCCAAGTCCCGGT-1",15.987556465962
"AGATCCATCGACGATT-1",9.70494118026059
"AGATCGTCAGCTCTGG-1",9.95092777841139
"AGATCGTGTTAATCGC-1",11.5975225142956
"AGATCGTGTTCGAGCC-1",13.5559454506913
"AGATGAAAGCCTAGGA-1",0.0109222904920725
"AGATGAAGTCTCAAGT-1",13.8802028144972
"AGATGAATCCTTATCA-1",16.8266180560248
"AGATGAATCTTTGATC-1",11.430756777652
"AGATGCTCAAGTGGGT-1",4.66094533412088
"AGATGCTCAGACAATA-1",13.2004690722914
"AGATGCTGTTGACGGA-1",1.94661447017455
"AGATGCTTCCACTGGG-1",10.2094896960694
"AGATGCTTCTGTCTCG-1",0.174552058543903
"AGCATCAAGCTAAGTA-1",9.95092785397298
"AGCATCAAGCTCGAAG-1",11.5838194177593
"AGCATCACACGACAGA-1",16.8256718416202
"AGCATCACAGTTGGTT-1",7.9591408210093
"AGCATCAGTACTGCCG-1",9.69637230214118
"AGCATCATCACACCCT-1",8.95969422072158
"AGCCAATCAACACAAA-1",13.3272990692709
"AGCCAATGTGACGTCC-1",16.2293204966943
"AGCCACGAGACAGCGT-1",13.4798695851482
"AGCCACGCACATGACT-1",12.4259526849079
"AGCCAGCAGCTCCGAC-1",8.44266132717534
"AGCCAGCCAAAGGGTC-1",13.1920769256222
"AGCCAGCTCAACTCTT-1",13.0292247798772
"AGCGATTTCGCGCTGA-1",2.1617700521633
"AGCGATTTCTATTTCG-1",7.81933362443482
"AGCGCCAGTCTGTAAC-1",12.9171051071678
"AGCGTATCAAGAGAGA-1",14.4914134362302
"AGCGTATTCCATCGTC-1",11.5323277520937
"AGCGTCGAGGTCGTCC-1",16.9698560955998
"AGCTACACATCTTCGC-1",8.47502972667844
"AGCTACAGTATCATGC-1",15.7797936449642
"AGCTACATCTACTGCC-1",3.59418021641708
"AGCTCAACAGTAGTTC-1",16.6566450097527
"AGCTCAAGTTCCGCAG-1",7.52355211838367
"AGCTTCCGTACAAACA-1",16.256867395302
"AGCTTCCGTCGAATGG-1",13.3272991448325
"AGGAAATAGAAGCCAC-1",9.87651610435026
"AGGAAATGTCGAACGA-1",8.34479036176556
"AGGAATAAGGAACGCT-1",14.3026029614565
"AGGAATACAGGGTTGA-1",1.3129165994283
"AGGAATATCTTTACAC-1",13.8782582709712
"AGGACGAAGTAACCTC-1",9.80777759347202
"AGGACTTTCAAGAGGC-1",1.31546562351594
"AGGACTTTCGGCCTTT-1",3.59418029197867
"AGGAGGTCAGTACTAC-1",13.1334593273811
"AGGAGGTTCTGTAAGC-1",13.3272992203941
"AGGATCTAGTAGACAT-1",3.58434231745101
"AGGATCTCAAGCTCTA-1",9.70494125582218
"AGGATCTCAGGCTTGC-1",0.0109222149304817
"AGGATCTCATGAGGGT-1",15.3111395200247
"AGGATCTGTAACCCGC-1",15.6255467460747
"AGGCATTCATCGTGGC-1",15.6255468216363
"AGGCCACAGTAAACGT-1",0.010922139368891
"AGGCCACTCATAGAGA-1",13.123316479149
"AGGCTGCAGTCCTACA-1",2.28341426853943
"AGGCTGCCACAGTCCG-1",14.4627550842698
"AGGCTGCGTTACACTG-1",0.0109220638073002
"AGGCTGCTCCTTCTGG-1",0.891220606387206
"AGGGAGTAGGTGAGCT-1",2.40158607413423
"AGGGAGTGTGGCCCAT-1",12.569189916481
"AGGGAGTTCCATAGGT-1",8.14121580523053
"AGGGCCTCACTGCATA-1",12.6433237725791
"AGGGCCTCAGTCGCTG-1",9.95092792953457
"AGGGCCTCAGTCTGGC-1",2.65782870607859
"AGGGCCTGTGTTCATG-1",1.16210521905092
"AGGGCTCAGTGAGGTC-1",16.2051165959482
"AGGGCTCCACGTAGTT-1",13.3272992959557
"AGGGCTCGTACGGTTT-1",11.3789599927191
"AGGGCTCGTTCTCCTG-1",8.27415022618166
"AGGGCTCTCCACGTAA-1",4.44474614446571
"AGGGCTCTCGAACCTA-1",15.987910184274
"AGGGTCCAGACTCCGC-1",7.82791096561198
"AGGGTCCCAGAATGTA-1",16.4882940613264
"AGGGTCCGTAGAGACC-1",9.70494133138377
"AGGGTGAAGGGCTTCC-1",15.8169329059069
"AGGGTGAAGGTAAACT-1",11.5055118758047
"AGGGTGAGTGCACATT-1",7.27489532680007
"AGGGTGAGTGTCCGTG-1",16.4261101534373
"AGGGTTTCAGCTGGTC-1",4.61497847919832
"AGGGTTTCAGGCGTTC-1",16.6573257726868
"AGGTAGGTCCACGGAC-1",7.91547138862599
"AGGTAGGTCGTGTGAT-1",12.5071888378665
"AGGTCATGTCCTCAGG-1",13.0630379414913
"AGGTCTACAGGTCAGA-1",13.0292248554388
"AGGTGTTAGCCGAATG-1",10.9212405759775
"AGGTGTTGTCGGCCTA-1",11.895315323104
"AGGTGTTGTGTGCCTG-1",13.9289161330818
"AGGTTACCACCCGTAG-1",13.6769275794776
"AGGTTGTGTACAGCGA-1",10.0524698965265
"AGGTTGTGTGAATGAT-1",3.59418036754026
"AGGTTGTTCCGTATGA-1",17.0237466382321
"AGGTTGTTCGGTCGAC-1",1.3039930596017
"AGTAACCAGCGGGTTA-1",9.80777766903361
"AGTAACCGTAGTACGG-1",8.2588220401431
"AGTACCAAGACGCCAA-1",0.103120316529372
"AGTACCAAGGTACCTT-1",0.143143112902097
"AGTACCACAACCGTGC-1",8.95969429628317
"AGTACCACAGTGGGTA-1",11.4391859234634
"AGTACCATCATCGTAG-1",13.9886396405377
"AGTACTGAGGTCCTGC-1",0.0109219882457094
"AGTACTGCAAAGACGC-1",15.9879102598356
"AGTACTGCATTGCCTC-1",0.0109219126841187
"AGTACTGTCTTACGTT-1",11.0361127038392
"AGTACTGTCTTGGATG-1",13.3272993715173
"AGTAGCTAGCGACTAG-1",7.31541212525565
"AGTAGCTAGCTAATCC-1",8.46631931536268
"AGTAGTCAGTCAATCC-1",1.30306510399403
"AGTAGTCGTAGCTTAC-1",11.3298004955541
"AGTAGTCGTGCTGATT-1",7.2234380361634
"AGTCACAAGATGAAGG-1",13.566380184444
"AGTCACAGTCACTCTC-1",2.02674928995314
"AGTCACAGTTCTAACG-1",2.85134624658226
"AGTCATGAGCATTTGC-1",2.40158614969582
"AGTCATGCACGCGTCA-1",16.0891793652168
"AGTCATGCAGCTCCTT-1",13.3272994470789
"AGTCATGTCTGGCCTT-1",10.1833578864865
"AGTCTCCTCCATATGG-1",2.40158622525741
"AGTCTCCTCGTTGCCT-1",8.95969437184476
"AGTGACTCAACATCGT-1",1.29458319980547
"AGTGATCCAGCTACAT-1",3.64518366006578
"AGTGATCGTATCAGGG-1",7.31406257596851
"AGTGCCGAGCGTGTTT-1",11.6934077877064
"AGTGCCGCAAGGTTGG-1",16.189554126515
"AGTGCCGCAATTCACG-1",9.09183829268977
"AGTGCCGGTATGTCCA-1",13.5063083381886
"AGTGTTGAGGCCTTCG-1",0.0109218371225279
"AGTGTTGCAAAGGGCT-1",16.6620760548167
"AGTGTTGCACACACTA-1",10.2463255112028
"AGTTAGCAGCTGTACT-1",7.18937293606071
"AGTTAGCCACACCAGC-1",13.2408893199687
"AGTTAGCCAGGTTCGC-1",16.2524084960311
"AGTTAGCGTCCAAAGG-1",13.9886397160993
"AGTTCCCCACAATGTC-1",16.1051221096304
"AGTTCCCCATGCACTA-1",0.0109217615609372
"AGTTCCCTCCTAAACG-1",15.7751732410164
"AGTTCGAAGCTAGAAT-1",9.70494140694536
"AGTTCGACAAGCCATT-1",4.91487063035734
"AGTTCGATCGCTAAAC-1",13.0475455652135
"ATACCGAAGTACGAGC-1",4.96037801897078
"ATACCGATCTGCATGA-1",10.2463255867643
"ATACCTTAGTTCTCTT-1",3.5843423930126
"ATACTTCGTCCCGTGA-1",15.6799584651472
"ATACTTCGTGGTCTTA-1",13.5650881871604
"ATACTTCGTTATCTGG-1",16.4720375302104
"ATACTTCGTTGTCATG-1",8.83574874629951
"ATAGACCAGCATTTCG-1",16.2679631331386
"ATAGACCCATTACTCT-1",15.3361871466903
"ATAGACCGTGCTGCAC-1",3.59418044310185
"ATAGACCTCATGACAC-1",11.3193207859893
"ATAGAGAAGAGCGACT-1",15.3358642835041
"ATAGAGACATTATGCG-1",13.9886397916608
"ATAGAGATCACGACTA-1",13.8822837827268
"ATAGGCTAGAAGCCAC-1",17.0291535875457
"ATAGGCTTCCTCACCA-1",13.3272995226405
"ATATCCTAGTAAATGC-1",1.33237811941038
"ATATCCTGTGCGACAA-1",13.3272995982021
"ATATCCTGTGTCTAAC-1",12.6048562032466
"ATATCCTTCTCCCAAC-1",13.9635077867037
"ATATCCTTCTTTGCGC-1",13.3272996737636
"ATCACAGGTGCGGATA-1",13.2941921051905
"ATCACAGGTTGCCGAC-1",12.602991400209
"ATCACAGTCTCATTTG-1",9.95092800509616
"ATCACTTGTCCGGCAT-1",9.09183836825136
"ATCAGGTAGGCATTTC-1",0.0109216859993464
"ATCAGGTCAGCGGATA-1",12.6029914757706
"ATCAGGTGTTCAAGGG-1",14.4914135117918
"ATCATTCGTCACCGCA-1",0.0109216104377556
"ATCCACCCATTGACCA-1",15.9879103353971
"ATCCACCGTCTCCTGT-1",9.90006079762547
"ATCCATTCATCCTGTC-1",8.24609859345387
"ATCCATTGTCTTCATT-1",7.82791104117357
"ATCCCTGAGGGAACAA-1",0.0109215348761649
"ATCCCTGGTAAGTTAG-1",8.95969444740635
"ATCCGTCAGCCTCATA-1",14.1731064039946
"ATCCGTCCAGTAGAGC-1",9.79522350085023
"ATCCGTCCATCGTGGC-1",11.4271583116312
"ATCCGTCGTAAGCAAT-1",16.6537690806323
"ATCCGTCGTATGAGAT-1",15.9879104109587
"ATCCTATCACACCGCA-1",9.95092808065775
"ATCCTATCAGCGTTGC-1",14.1420102738154
"ATCCTATTCTCGCTTG-1",14.8527997999851
"ATCGATGCACTAGGCC-1",14.270945518867
"ATCGATGCAGCACGAA-1",15.7642827914367
"ATCGATGGTCGATTCA-1",13.1188247806802
"ATCGCCTAGAAGCCTG-1",12.9214037939852
"ATCGCCTAGTCGTCTA-1",16.4416183783647
"ATCGCCTCACGCGTCA-1",0.0109214593145741
"ATCGCCTGTAGATCCT-1",14.9894243745636
"ATCGGATTCAACACCA-1",14.3525785768063
"ATCGGATTCGCACTCT-1",12.4698331534811
"ATCGGCGAGTCTGCAT-1",14.4914135873534
"ATCGGCGTCCACGTAA-1",16.1895657807377
"ATCGGCGTCTCACGAA-1",4.92519638573594
"ATCGTCCAGTCGGGAT-1",16.3299221298555
"ATCGTCCGTCACTTAG-1",16.7493550732062
"ATCGTGAAGAGCAGCT-1",0.0109213837529833
"ATCGTGAAGCTGGCCT-1",15.7947829562897
"ATCGTGATCATATGGC-1",13.3272997493252
"ATCGTGATCGGTCTGG-1",15.241305659592
"ATCTCTAAGCACTCTA-1",1.34863241613437
"ATCTCTAAGTCATACC-1",16.7115639190173
"ATCTCTAGTTCGGTTA-1",3.28977963450037
"ATCTCTATCGTCACCT-1",2.15548692241474
"ATCTTCAGTTTGCAGT-1",9.95092815621934
"ATCTTCATCGTGAGAG-1",11.7394165435737
"ATCTTCATCTCTTAAC-1",7.89063411122673
"ATGACCAAGCTGAAGC-1",13.5365945886374
"ATGACCAAGTAAAGCT-1",13.0393204684297
"ATGACCACAAATGGTA-1",16.1888175319393
"ATGAGGGGTACGCGTC-1",14.491413662915
"ATGAGTCGTACACGCC-1",16.2679632087002
"ATGATCGAGCCTCATA-1",16.7525718188208
"ATGATCGAGTGGATAT-1",12.6230271616196
"ATGCATGAGTTCGCAT-1",13.9886398672224
"ATGCATGCACCGTCGA-1",4.96037809453237
"ATGCATGCATAGGTTC-1",16.522708394345
"ATGCATGGTAATGCGG-1",11.6969075825839
"ATGCATGTCAGACAAA-1",0.0109213081913926
"ATGCCTCCAGTTAGGG-1",9.19642168938895
"ATGCCTCGTACCTAAC-1",0.0109212326298018
"ATGCGATTCATCGGGC-1",13.5559455262529
"ATGCGATTCTGCGGAC-1",15.9879104865203
"ATGGAGGCAAACCATC-1",15.9879105620819
"ATGGAGGCAAATGAAC-1",1.29601171130037
"ATGGATCAGAGAGGGC-1",12.5550970324534
"ATGGATCAGAGCCATG-1",11.201660447015
"ATGGGAGAGGATGAGA-1",1.33237819497197
"ATGGGAGAGGTCCAGA-1",11.5106822208777
"ATGGGAGCACGACAGA-1",9.79406915644606
"ATGGGAGGTCCTCATC-1",15.6255468971979
"ATGGGAGGTGGCTGAA-1",16.1876611642958
"ATGGGAGTCGCGTCGA-1",0.0109211570682111
"ATGGTTGTCTTCGTAT-1",13.9289162086434
"ATGTCCCTCTGAGAAA-1",0.0109210815066203
"ATGTCTTCATGAGATA-1",13.3272998248868
"ATGTCTTGTCAGTTTG-1",15.7193243299013
"ATTACCTCATCCTAAG-1",14.0645707896595
"ATTACCTTCGGCATTA-1",13.1800873891929
"ATTACTCAGAAACTAC-1",3.72578306411862
"ATTACTCGTCAACCAT-1",15.9879106376435
"ATTACTCTCTGGACTA-1",16.7822959694051
"ATTATCCAGACTTCGT-1",8.54358105426415
"ATTATCCCAGGAGGTT-1",13.3272999004484
"ATTATCCGTATTCCGA-1",12.5374816492918
"ATTATCCTCTCATGGA-1",13.8802028900588
"ATTCACTGTGTTCAGT-1",15.855387269789
"ATTCAGGCAGGTTCCG-1",7.73848503230637
"ATTCAGGGTGTTTACG-1",11.2467894600373
"ATTCAGGTCACCCTTG-1",4.43849955863627
"ATTCCATGTAATCAGA-1",0.0109210059450295
"ATTCCATTCAAGGCTT-1",3.1582981998346
"ATTCCCGTCGCTATTT-1",16.0891794407784
"ATTCCCGTCTGAGGCC-1",4.31942268598089
"ATTCCTAAGTAAGACT-1",16.1046039300365
"ATTCCTAGTAGAGACC-1",13.32729997601
"ATTCCTAGTCGTTTCC-1",10.0644575289049
"ATTCCTATCAAGAATG-1",0.945258637754021
"ATTCCTATCCTAGCTC-1",0.0109209303834388
"ATTCGTTCAGTTACCA-1",12.9961355757997
"ATTCGTTGTCTTGCTC-1",15.6255469727595
"ATTCGTTTCCAAGGGA-1",10.0647107146959
"ATTCGTTTCGGTATGT-1",9.78586111253781
"ATTCGTTTCTTCTCAA-1",13.2662328321411
"ATTCTACGTACCCACG-1",13.0292249310004
"ATTCTACTCGCAATGT-1",13.3202074247638
"ATTCTTGCATCCGGTG-1",1.33237827053356
"ATTCTTGCATGGCTGC-1",9.2990134438123
"ATTGGGTCACACCTGG-1",0.010920854821848
"ATTGTTCTCGTCCTTG-1",13.6229051596417
"ATTTACCAGTCGCTAT-1",8.44064215271158
"ATTTACCGTAACATGA-1",7.82791111673516
"ATTTACCGTACAAGCG-1",9.09183844381295
"ATTTCACAGTTCCTGA-1",4.7202282108294
"ATTTCACAGTTTGGCT-1",15.2884362438986
"ATTTCTGAGAGTCTTC-1",11.5555075237249
"CAAAGAAAGAAGGCTC-1",15.6255470483211
"CAAAGAAAGTCCCGGT-1",7.94936248684539
"CAAAGAAGTACGCTTA-1",12.6433238481407
"CAAAGAAGTTTCGGCG-1",13.0292250065619
"CAACAACGTCAGGCAA-1",13.5559456018145
"CAACAGTAGGCTGGAT-1",1.80198000573596
"CAACAGTTCGAGAGAC-1",13.6662437273575
"CAACCAAAGACCTGGA-1",13.3576605173251
"CAACCAAGTCTATGAC-1",3.59825187161395
"CAACCAAGTGGACCAA-1",4.12115695718624
"CAACCAATCATGGGAG-1",15.7583214420275
"CAACCAATCGGCCCAA-1",0.0109207792602573
"CAACCTCTCGTCCTTG-1",9.21208318480268
"CAACGATAGCAAACAT-1",8.02653584559767
"CAACGGCAGAGAGGTA-1",13.988639942784
"CAACGGCCACCATAAC-1",13.3273000515716
"CAAGACTGTAGCTAAA-1",13.3273001271332
"CAAGACTGTGAGGATC-1",7.43068704686683
"CAAGACTGTTCGCGTG-1",13.3273002026948
"CAAGACTTCCTTGAAG-1",8.95969452296794
"CAAGAGGAGAGAGCAA-1",0.241354718125095
"CAAGAGGCACAGCCTG-1",13.986343295366
"CAAGAGGCATGACAGG-1",11.3193208615508
"CAAGAGGGTGATACTC-1",13.4798696607098
"CAAGCTAGTGTCCGTG-1",16.1895241095051
"CAAGGGAAGTCTAGAA-1",12.606068352954
"CAAGGGACACAAAGCG-1",8.95969459852953
"CAAGGGAGTCGCCACA-1",13.4852794231681
"CAATACGTCTGAGGTT-1",13.9886400183456
"CAATCGATCTTACCGC-1",16.9126388371343
"CAATGACCAAGAATAC-1",9.68746972090302
"CAATGACGTATGAGAT-1",14.1240570399533
"CAATGACGTGGAACAC-1",16.2051166715097
"CAATTTCAGTTAGTAG-1",4.93772867317795
"CAATTTCCAAACGAGC-1",16.676096740987
"CACAACACAATACGAA-1",11.3193209371124
"CACACAAAGAGGCGTT-1",0.0109207036986665
"CACACAAAGGGATCAC-1",13.3273002782564
"CACACAAAGTGATAAC-1",11.6795429413517
"CACACAACAAACCACT-1",0.358573064688505
"CACACAACAATTCTCT-1",15.8563886687415
"CACACAATCGGATACT-1",12.4062539158825
"CACAGATCAGAGGTAC-1",8.95969467409112
"CACAGATGTGGCTAGA-1",16.682890556232
"CACAGATTCATTACGG-1",13.5559456773761
"CACAGATTCCACGTCT-1",15.9879107132051
"CACAGGCTCCATTTGT-1",9.14890299627226
"CACAGGCTCTGAACGT-1",11.319321012674
"CACATGAAGGTGCTTT-1",0.988836109803175
"CACATGATCTGGTGCG-1",9.8077777445952
"CACCGTTAGTCATAGA-1",15.7297224250617
"CACCGTTCACCGTGCA-1",7.89655174674205
"CACCGTTCACTAACCA-1",17.0775121606887
"CACCGTTCAGCTCATA-1",14.4914137384765
"CACGAATGTCGACGCT-1",16.0936663360451
"CACGAATTCAGTCATG-1",16.8216393455005
"CACGGGTAGCTCGTGC-1",0.0109206281370757
"CACGGGTAGTGAGGCT-1",16.2753581812243
"CACGGGTGTAAGATAC-1",8.95969474965272
"CACGGGTGTTCGGGTC-1",14.8325826095412
"CACGGGTTCGAACGCC-1",8.04541362520116
"CACGGGTTCGCTATTT-1",1.29618613737091
"CACGTGGTCAACCGAT-1",17.0390956334315
"CACGTGGTCATTGCGA-1",16.5886307799176
"CACGTTCTCATAAGGA-1",13.2232779170035
"CACTAAGGTAGCACAG-1",7.97776231039395
"CACTGAATCTATTCGT-1",10.0521352862871
"CACTGGGCACGACAGA-1",8.11363547448301
"CACTGGGCATGGCACC-1",11.2209695291213
"CACTGGGCATTCTCCG-1",16.8780628710014
"CACTGGGGTATGGGAC-1",15.9879107887667
"CACTGGGGTGAGTCAG-1",11.3255528381515
"CACTGGGGTGGATCGA-1",9.8077778201568
"CACTGTCAGAAGTATC-1",13.0543959947272
"CACTGTCAGCAACAAT-1",13.6059192462579
"CACTGTCAGGTTACCT-1",7.82979488491588
"CACTGTCAGTGAGTTA-1",11.5866645197502
"CACTGTCCAAGTCCCG-1",14.3292750653562
"CAGAGCCAGCCAGACA-1",13.327300353818
"CAGAGCCAGGTTCTTG-1",11.6538741727256
"CAGAGCCGTTTCGACA-1",16.1136716968703
"CAGAGCCTCGGTTGTA-1",8.21117254046451
"CAGATACGTTCAGGTT-1",0.010920552575485
"CAGATCAAGAGTTGCG-1",15.9879108643283
"CAGATCAAGCTGAGTG-1",13.1544172802688
"CAGATCAAGTAGTCTC-1",7.05946183290139
"CAGATCAGTCCGGTCA-1",15.6255471238827
"CAGATTGCACAAGTGG-1",16.0938911157474
"CAGATTGCATGGAGAC-1",7.96875579605666
"CAGATTGCATTGAAAG-1",9.95092823178093
"CAGATTGTCGGTTAGT-1",11.5878270519291
"CAGCAATCAAATACAG-1",14.100395387703
"CAGCAATCACCTGCTT-1",8.77150892957492
"CAGCACGTCGATCCCT-1",16.9909827121415
"CAGCAGCAGCAAGTCG-1",12.1390533724563
"CAGCAGCGTCGACGCT-1",15.457897702975
"CAGCCAGTCATCCCGT-1",13.066775737495
"CAGCCAGTCCGGCAGT-1",13.0292250821235
"CAGCGTGAGCATCAGG-1",0.0109204770138942
"CAGCGTGCAAAGACTA-1",13.0709645758137
"CAGCGTGCAGCAGTTT-1",10.2463256623259
"CAGCGTGGTGGTCTGC-1",16.6924088017093
"CAGCGTGTCGTGTCAA-1",15.9879109398899
"CAGCGTGTCTGGGAGA-1",15.5060233954235
"CAGCGTGTCTTCCACG-1",3.54720881148727
"CAGGCCAAGCTAGCCC-1",2.401586300819
"CAGGCCACAAGAGTTA-1",16.08917951634
"CAGGCCACATAGAAAC-1",14.8325826851028
"CAGGGCTCATGCGGTC-1",9.95092830734252
"CAGGGCTCATGGGAAC-1",13.928916284205
"CAGGGCTTCGACATTG-1",8.95969482521431
"CAGGTATGTTAGCTAC-1",9.51102924222838
"CAGTGCGAGGACTAAT-1",12.6433239237023
"CAGTGCGCAAGAGAGA-1",14.1496595320797
"CAGTGCGGTCCTCCAT-1",12.7216423519477
"CAGTGCGGTCTATGAC-1",11.4818015967488
"CAGTGCGGTTGCGGAA-1",16.7405785505714
"CAGTTCCAGCAAACAT-1",8.9596949007759
"CATAAGCAGGCATCAG-1",13.3258429422127
"CATAAGCCAGCCCAGT-1",12.605335948609
"CATAAGCGTAGGGTAC-1",14.1753751288258
"CATAAGCTCCGATAAC-1",14.3820874276118
"CATAAGCTCTGGACCG-1",16.3799992159305
"CATACAGCACGCGTCA-1",9.17772810710174
"CATACAGTCACTTGGA-1",8.21829605244227
"CATACTTGTTTCGCTC-1",9.28500856329141
"CATACTTTCATCGCAA-1",16.2278748069362
"CATAGACAGTCGAAGC-1",9.76257191597588
"CATAGACCACATGACT-1",10.0632115337358
"CATAGACCATAGGAGC-1",0.188098295692523
"CATCAAGAGTGTACAA-1",13.0642590833332
"CATCCACGTGAAAGTT-1",15.6991588513821
"CATCCGTAGAATAGTC-1",16.2051167470713
"CATCCGTCACACCGCA-1",10.0981076851402
"CATCGCTAGTTCCGGC-1",16.0977291532187
"CATCGGGAGAGATGCC-1",16.2679632842618
"CATCGGGCACATTGTG-1",12.7497268019248
"CATCGGGGTACGTGAG-1",0.0109204014523034
"CATCGGGGTCCATAGT-1",15.4590887859484
"CATCGGGTCGCCACTT-1",10.1076244679734
"CATCGGGTCGGCATAT-1",2.68473648682391
"CATCGGGTCGGTGTTA-1",15.9879110154515
"CATCGTCAGTCGCCAC-1",4.99851550835031
"CATCGTCAGTCTCTGA-1",11.5836007656305
"CATCGTCCACTTGGGC-1",15.8774579573921
"CATCGTCGTATCTCTT-1",12.4093976312162
"CATCGTCTCTCCCAAC-1",15.8826131561055
"CATGAGTAGGTCACTT-1",13.9522419191801
"CATGAGTTCATTTGGG-1",0.0109203258907127
"CATGCAAGTACCGTCG-1",7.09450244054859
"CATGCAATCTCGAACA-1",13.6687972725281
"CATGCCTTCCGTGTGG-1",12.6208260605736
"CATGCCTTCGAGAGAC-1",11.6572044749068
"CATGCGGGTGAGTCAG-1",16.8329162091464
"CATGCTCCATGCACTA-1",1.33237834609515
"CATGCTCGTGGACCTC-1",16.1436567243502
"CATGCTCTCAAGCCGC-1",13.5559457529377
"CATGGATTCCTAAGTG-1",3.63329445973722
"CATGGTAGTTCGCGTG-1",13.1507354151203
"CATGGTATCAGAACCT-1",15.9879110910131
"CATGGTATCTCGGTAA-1",13.3273004293796
"CATTCATAGTCAGGGT-1",9.72514173280421
"CATTCATAGTCGCGAA-1",15.9197298155504
"CATTCATTCAGAGTGG-1",13.8430394428467
"CATTCATTCGGCCAAC-1",16.119227014101
"CATTCCGAGCAGCCTC-1",16.2051168226329
"CATTCCGCAGAGGACT-1",12.3174613690431
"CATTCCGTCCATAAGC-1",8.95969497633749
"CATTCTAAGAGAGCAA-1",8.95969505189908
"CATTGAGAGCTAATCC-1",11.4368072973092
"CATTGAGAGGGCAGTT-1",16.1338758672208
"CATTGAGGTCGTCGGT-1",13.3273005049411
"CATTGAGGTGATACTC-1",9.95092838290411
"CATTGAGTCATGACAC-1",11.5286541515017
"CATTGCCAGACGCAGT-1",3.59418051866344
"CATTGCCAGTGCAGGT-1",0.0109202503291219
"CATTGCCAGTGCGACA-1",13.1407559276066
"CATTGCCGTTATGTGC-1",12.6938114209926
"CCAAGCGAGCATCTTG-1",4.91175070156733
"CCAAGCGCATGACGGA-1",0.0109201747675312
"CCAATGACAGAGTCTT-1",11.7084775086392
"CCAATGAGTCGATTCA-1",16.2713865989643
"CCAATTTCAGTTAAAG-1",13.8815662002732
"CCAATTTCAGTTTCGA-1",16.6425031597012
"CCACAAACATAGGCGA-1",0.0109200992059404
"CCACAAAGTCAGTTTG-1",8.12269218762348
"CCACAAATCCGTGGGT-1",12.760506592535
"CCACACTTCCGCTTAC-1",0.468238710090573
"CCACCATAGCAACTCT-1",10.5624694611304
"CCACCATCACGCTGAC-1",15.9879111665746
"CCACCATCAGCATCTA-1",9.49419639016422
"CCACCATTCCTCAGAA-1",13.3273005805027
"CCACCATTCGTAATGC-1",7.7601074143559
"CCACCATTCGTTAGTG-1",13.405362583164
"CCACCATTCTACACAG-1",1.33237842165674
"CCACGAGGTGGACCAA-1",14.0148782938051
"CCACGTTAGAAGGCTC-1",12.6029915513322
"CCACGTTCAGCTGGTC-1",3.74325438180051
"CCACGTTGTCCGGATC-1",15.7086711070293
"CCACTTGTCCCAGGAC-1",1.09193962765743
"CCACTTGTCTCATGCC-1",12.4467818624666
"CCATAAGAGGTAAGAG-1",11.5011932653064
"CCATAAGGTCCGAAAG-1",0.0109200236443496
"CCATCACAGACGCCCT-1",12.3964661594172
"CCATCACAGGACAAGA-1",12.9171051827293
"CCATCACCAATCGCGC-1",9.9509284584657
"CCCAACTGTTGCGGAA-1",2.09687251086913
"CCCAACTTCACTTGGA-1",9.9509285340273
"CCCAACTTCTAGCATG-1",10.8143438406749
"CCCGAAGGTTTGACAC-1",10.0619393952939
"CCCGGAAAGGGATCTG-1",10.2248359457038
"CCCGGAACAAATCGTC-1",7.5089363528439
"CCCGGAACAGCACACC-1",15.765785379197
"CCCGGAATCCGTCAAA-1",0.0109199480827589
"CCCTAACAGAGCCTGA-1",9.80777789571839
"CCCTAACGTGGCTGAA-1",9.45878198374576
"CCCTCAAGTAGTCGGA-1",7.42734720253467
"CCCTCAAGTGGTCCCA-1",8.19583287680016
"CCCTCAAGTTGCGGCT-1",13.3273006560643
"CCCTCAATCCATCTAT-1",8.95969512746067
"CCCTCAATCCATGAGT-1",10.5131192239614
"CCCTCTCAGGCTCCCA-1",14.0863486927338
"CCCTCTCGTCCCTGAG-1",8.95969520302226
"CCCTCTCGTGACTCTA-1",7.9776286554187
"CCCTCTCTCACGGTCG-1",9.70494148250695
"CCCTGATAGAGCATCG-1",13.9688172843559
"CCCTGATGTCATATGC-1",1.50160722522886
"CCCTGATGTCTACTGA-1",13.0292251576851
"CCCTTAGAGTGAGCCA-1",16.8817192402711
"CCGAACGAGAGCATCG-1",16.6930043313166
"CCGATCTCAAGAGTGC-1",13.0292252332467
"CCGATCTCAGACGGAT-1",16.8155683180215
"CCGATCTGTATCTCTT-1",13.0342101601789
"CCGATCTTCCGTGTCT-1",12.5362920130398
"CCGATGGGTTATCTTC-1",13.5356650872994
"CCGCAAGGTACAGAGC-1",16.3644233307295
"CCGCAAGGTATGTGTC-1",10.2463257378875
"CCGCAAGTCAGTGTGT-1",3.59418059422503
"CCGGACAAGTCGTTAC-1",7.94613529620523
"CCGGACAGTCTGCCTT-1",7.82791119229675
"CCGGACAGTGTGAGCA-1",11.2343572311327
"CCGGACATCAAGCCTA-1",15.9879112421362
"CCGGGTACACTTCATT-1",8.95969527858385
"CCGGGTAGTCAGGTGA-1",16.676628109744
"CCGGTAGCAGCTGTGC-1",0.361844370712933
"CCGGTAGGTTGGGATG-1",0.0109198725211681
"CCGGTAGTCTACGCGG-1",13.0292253088083
"CCGGTGACACTGCTTC-1",13.1647534872823
"CCGTAGGGTACCTGTA-1",14.9065902715297
"CCGTAGGTCGAATGCT-1",16.0891795919016
"CCGTAGGTCGGAAGGT-1",10.9861759570656
"CCGTAGGTCGTGCTCT-1",3.68323291109155
"CCGTAGGTCTTCGATT-1",11.3491314696362
"CCGTGAGCATGAGGGT-1",16.2051168981945
"CCGTGAGGTAGAGATT-1",16.6287005157584
"CCGTGAGTCTGGAAGG-1",16.1898111124233
"CCGTTCACAAAGGATT-1",9.26381054896088
"CCGTTCATCCTTCACG-1",2.74945535844608
"CCTAACCAGAAGCGGG-1",13.535665162861
"CCTAACCCAGCATCTA-1",15.9879113176978
"CCTAAGATCCATATGG-1",13.8810134929618
"CCTAAGATCCGCATAA-1",10.2273025220546
"CCTAAGATCGAGTCTA-1",13.0292253843699
"CCTACGTCACCTCGTT-1",17.0261469908195
"CCTACGTTCCGATGCG-1",14.4980570869446
"CCTACGTTCGCTCTCA-1",11.4719004958338
"CCTACGTTCTCAATCT-1",14.3480000455253
"CCTACGTTCTCCACTG-1",10.7905824464468
"CCTACGTTCTGACCCT-1",12.6457151594968
"CCTATCGTCGTTAGAC-1",0.0109197969595773
"CCTCACAAGGAACTAT-1",10.5131192995229
"CCTCAGTGTTCTATCT-1",7.82791126785834
"CCTCAGTTCAAGTCGT-1",7.99584285287191
"CCTCATGTCTTACTGT-1",15.9879113932594
"CCTCCAACATCACAGT-1",7.63231891725238
"CCTCCTCCAACCCGCA-1",7.95475864679787
"CCTCCTCGTTTGGAAA-1",8.95969535414544
"CCTCTAGTCACCGGTG-1",14.4914138140381
"CCTCTAGTCGGCTGGT-1",15.987911468821
"CCTCTAGTCGGTTGTA-1",10.5801793711015
"CCTCTCCAGGAGGTTC-1",16.7381365245802
"CCTCTCCTCCGTGTGG-1",3.55421117446394
"CCTGCATCAAACCGGA-1",11.1951377779998
"CCTTCAGCAGGTATGG-1",7.94482725217666
"CCTTGTGCAGAGTTCT-1",0.0109197213979866
"CCTTGTGCATCGTTCC-1",15.9879115443826
"CCTTGTGCATGACGAG-1",13.6779136421394
"CCTTGTGGTCGGAAAC-1",1.34183384935939
"CCTTTGGCATCTTTCA-1",13.3273007316259
"CCTTTGGTCACGATCA-1",11.6817790069331
"CCTTTGGTCTCCTACG-1",9.35407430660943
"CCTTTGGTCTCTATAC-1",7.66782455930249
"CGAAGGAAGCTCGTGC-1",16.6365608461109
"CGAAGGACAAGTTCGT-1",2.4015863763806
"CGAAGGATCGGCTTCT-1",15.6898661195356
"CGAAGTTAGACGACTG-1",12.9171052582909
"CGAAGTTAGGGATCAC-1",14.9880945138883
"CGAAGTTTCATTTGGG-1",1.3230536554735
"CGAAGTTTCCGTCACT-1",15.969447253295
"CGAATTGCATGAAGCG-1",11.3193210882356
"CGACAGCAGACATCCT-1",13.1721666883579
"CGACAGCGTATTAAGG-1",16.2679633598234
"CGACAGCGTGCCGTTG-1",14.4914138895997
"CGACAGCTCAGACCCG-1",1.31782839162358
"CGACAGCTCCGAGGCT-1",1.12597979041974
"CGAGGAATCGCCTTTG-1",16.6949127973986
"CGAGGCTTCTCGTTTA-1",1.07229477952027
"CGAGTGCGTCCAATCA-1",0.0109196458363958
"CGAGTGCGTGCCTATA-1",13.1643336247058
"CGAGTTACAAGTGGGT-1",15.7506633751472
"CGAGTTACATATGAAG-1",13.9886400939072
"CGAGTTACATTAAGCC-1",14.8325827606644
"CGATCGGCATAGGTTC-1",7.7880474984435
"CGATGCGCATTCTCCG-1",12.7054521673103
"CGATGCGGTATGCTTG-1",9.56598862209705
"CGATGCGTCCGCTAGG-1",0.0109195702748051
"CGATGGCGTGATGGCA-1",15.7710131335796
"CGATGGCTCCTCAGGG-1",0.557295356147444
"CGATGGCTCGGTGAAG-1",2.40158645194219
"CGCAGGTCACAAGCAG-1",0.0109194947132143
"CGCAGGTGTTTATGCG-1",15.3707049393268
"CGCAGGTTCGCTCCTA-1",15.0524837730124
"CGCATAAAGGGTAGCT-1",13.9886401694688
"CGCATAAAGTCTGTAC-1",13.5559458284993
"CGCATAACAATACAGA-1",13.248345649602
"CGCATAAGTACCTATG-1",7.52107862238157
"CGCATGGAGTGGTGGT-1",15.5206127119374
"CGCCAGAAGCTGCCAC-1",9.09183851937454
"CGCCAGAAGGTCGTAG-1",13.4798697362714
"CGCCAGAAGTGCAGCA-1",12.9085019486856
"CGCCAGATCACTGGTA-1",15.8490913652965
"CGCCATTCATGCACTA-1",8.22772169270634
"CGCGTGATCGAAATCC-1",15.4990899328985
"CGCGTGATCTTTGGAG-1",0.282056497608119
"CGGAACCAGCGTGAGT-1",15.2766459687766
"CGGAACCAGTGTACCT-1",14.166482614496
"CGGAACCCATGACTAC-1",13.3273008071875
"CGGAACCTCAGACCTA-1",13.061696081056
"CGGACACTCACTACTT-1",7.63203751233568
"CGGACACTCACTGCTC-1",1.30181717872616
"CGGAGAAAGAATCCCT-1",11.4217258463116
"CGGAGAAAGCATACTC-1",15.4558512139941
"CGGCAGTAGATAACGT-1",13.479869811833
"CGGCAGTCAAAGGTTA-1",16.8250841030998
"CGGGACTGTAAGTAGT-1",4.57415897257909
"CGGGACTGTAGGATAT-1",13.4649625703725
"CGGGCATAGAGTCGAC-1",11.3408526632855
"CGGGTCAAGGGCATGT-1",14.2087879048094
"CGGGTCACAGGCACTC-1",12.9108937266326
"CGGGTCATCGTTGTTT-1",16.2051169737561
"CGGGTGTCAACGCCCA-1",15.9879116199442
"CGGGTGTCAACGGCTC-1",11.0928650992421
"CGGGTGTCAAGTAGTA-1",15.9879116955058
"CGGTCAGAGACTTCAC-1",9.95092860958889
"CGGTCAGCAGCCATTA-1",12.5502587474761
"CGGTCAGGTCGACGCT-1",15.7904930089317
"CGGTCAGGTGCGTTTA-1",15.2766380749614
"CGGTCAGTCAAGTCGT-1",0.298589124085396
"CGGTCAGTCGAACCAT-1",0.0109194191516235
"CGTAAGTGTCCGGATC-1",15.3223035319922
"CGTAAGTTCCGATAAC-1",11.5916234293244
"CGTAATGAGTAGATCA-1",3.27329108573015
"CGTAATGAGTCATGGG-1",15.7375347971568
"CGTAATGTCCGATTAG-1",13.3273008827491
"CGTAGTAAGGCTCTCG-1",16.267963435385
"CGTAGTAAGTGCGCTC-1",15.7710132091412
"CGTAGTAAGTTGAAAC-1",15.9879117710674
"CGTAGTAGTCTCCTGT-1",16.6875736419421
"CGTCAAAAGTGCAGCA-1",0.0109193435900328
"CGTCAAACATTCACAG-1",16.4524850196995
"CGTCAAAGTAGACACG-1",12.6433239992639
"CGTCAAATCACGTAGT-1",3.32426480212794
"CGTCCATCAAGAATGT-1",11.8200369519643
"CGTCCATGTACGGTTT-1",13.0097483309659
"CGTCCATGTCGTCATA-1",12.4774007903729
"CGTCCATGTGATATAG-1",15.0741456292245
"CGTGAATCACTACCCT-1",16.4810935161518
"CGTGAATGTGCCCACA-1",13.3273009583107
"CGTGATATCCGTCCTA-1",4.47341181643783
"CGTGCTTAGTGGGAAA-1",14.2712009504821
"CGTGCTTGTCAACCTA-1",13.8056935924256
"CGTGTCTAGTGTACAA-1",8.76374638889456
"CGTGTCTCATAGACTC-1",15.8368795597258
"CGTGTCTGTGGAAATT-1",8.17386312217259
"CGTGTCTTCAGCTCTC-1",8.03796536375286
"CGTTAGATCTTGGATG-1",0.010919268028442
"CGTTGGGAGGAACGCT-1",13.6324391749446
"CGTTGGGCAAATGAGT-1",15.6152376891992
"CGTTGGGGTAGTACGG-1",14.832582836226
"CGTTGGGGTGTTAGCT-1",12.6433240748255
"CGTTGGGTCGACCTAA-1",3.72952547992095
"CTAACCCAGCCATTCA-1",8.1447569107846
"CTAACCCGTACATACC-1",8.95969542970703
"CTAACCCGTAGTCTGT-1",16.2051170493177
"CTAACCCTCCGTTGGG-1",16.573509264214
"CTAACCCTCGGTTCAA-1",3.7432544573621
"CTAACTTAGAGAGCCT-1",13.0548717972747
"CTAAGTGCAAGGGCAT-1",14.8847028087192
"CTAAGTGCACTGTGTA-1",0.0109191924668512
"CTAAGTGGTACGAAAT-1",1.32339787815976
"CTAAGTGTCCCAATAG-1",14.177859771254
"CTACAGACAGTAGTGG-1",0.0109191169052605
"CTACAGACATTCTGTT-1",3.68653795070794
"CTACCCAAGAGAAGGT-1",15.987911846629
"CTACCCACATATTCGG-1",13.3273010338723
"CTACCCAGTAACCAGG-1",15.9879119221906
"CTACCCAGTCCTCAGG-1",3.59418066978662
"CTACCCATCCAGCACG-1",13.9648923989336
"CTACCCATCCTCACCA-1",15.9879119977521
"CTACCTGGTAAGTTGA-1",11.3193211637972
"CTACGGGAGTGGACTG-1",11.6456136945089
"CTACGGGCACAGTGTT-1",11.3486312901701
"CTAGGTAAGCCTGTCG-1",16.8361198664715
"CTAGGTAAGCGTGCCT-1",16.3693262953099
"CTAGGTAAGCTGTTCA-1",13.3273011094339
"CTAGGTAAGGTAAAGG-1",11.6283782992374
"CTAGGTAAGTACAACA-1",3.69255628043559
"CTAGGTACATTCACAG-1",9.67133942548182
"CTAGGTAGTCTTCCGT-1",7.08012828763088
"CTAGGTATCAAAGGAT-1",10.653595044866
"CTAGGTATCCTCTGCA-1",7.98899532261832
"CTATAGGCACTTGACA-1",12.6563789016961
"CTATAGGTCTTAATCC-1",8.95969550526862
"CTATCCGAGGTTCTTG-1",16.7051656516017
"CTATCCGCAAGGACAC-1",8.95969558083021
"CTATCCGCAATCGCAT-1",9.77264881636636
"CTATCCGCAGTCTACA-1",9.77737148625393
"CTATCCGTCCGAGGCT-1",13.0665059927043
"CTATCTAAGATTCGCT-1",1.43489523096303
"CTATCTACATGTTACG-1",14.3342688753614
"CTATCTAGTCCACTTC-1",7.26088558245637
"CTCAACCAGCCACCGT-1",3.59418074534821
"CTCAACCGTTCTGACA-1",8.9596956563918
"CTCAAGACACCTCTAC-1",3.74325453292369
"CTCAAGATCAAGATAG-1",13.9886402450304
"CTCAATTAGACCTCCG-1",1.81113380491759
"CTCAATTAGTTGAATG-1",13.3273011849955
"CTCAATTCAAAGGGTC-1",17.001257374986
"CTCAATTCATCACAGT-1",16.62870059132
"CTCAATTGTCGAGATG-1",14.102869073638
"CTCAATTGTGTGTGTT-1",9.95092868515048
"CTCAATTTCACGATCA-1",5.00208274038651
"CTCAATTTCGGTCTAA-1",13.3273012605571
"CTCACTGAGCGGGTAT-1",4.44757393804895
"CTCACTGCACTTGGCG-1",10.1853598527312
"CTCACTGGTGCATTAC-1",12.5870487672596
"CTCACTGGTTAACCTG-1",13.6229052352033
"CTCACTGTCCAAATGC-1",13.24684614966
"CTCAGAAAGCGTGAGT-1",0.0109190413436697
"CTCAGAACAAGACCGA-1",12.7920371529688
"CTCAGAAGTGGACTGA-1",13.9097837908292
"CTCAGAATCAAATGAG-1",15.7710132847028
"CTCAGAATCCATCTCG-1",13.9500937786582
"CTCAGGGCACCGGCTA-1",2.79072544556524
"CTCAGTCAGGAGTATT-1",10.7446366123922
"CTCAGTCGTGTAAACA-1",15.748656820899
"CTCATCGAGATGCGAC-1",14.1113360177542
"CTCATCGTCTGTGTGA-1",12.1161866085432
"CTCATGCCATCAGTGT-1",13.988640320592
"CTCATGCTCAGCGCAC-1",0.010918965782079
"CTCATTAAGACCTTTG-1",11.4282135516224
"CTCATTAAGCTCACTA-1",12.5132794759939
"CTCATTAAGGCTGTAG-1",3.5941808209098
"CTCATTAGTTCAGGTT-1",13.3273013361186
"CTCCAACAGGATGGCT-1",15.2383444261095
"CTCCAACAGTGTACAA-1",13.0292254599315
"CTCCAACCAGACTGCC-1",10.2463258134491
"CTCCAACGTATCGCAT-1",13.8228386009991
"CTCCACACATCTAGAC-1",12.6371572205778
"CTCCACAGTGCATACT-1",10.0658285844331
"CTCCATGAGCAGCGAT-1",15.9879120733137
"CTCCATGAGGCGACAT-1",8.23248496495587
"CTCCATGGTTATCCAG-1",9.47365289040601
"CTCCATGTCGTTCATT-1",11.5101658700853
"CTCCCAAAGCAGGTCA-1",3.25661494687328
"CTCCCTCAGTGTAGAT-1",11.7290742711462
"CTCCGATGTCGCAACC-1",1.46694391275578
"CTCCTCCCAGGCTATT-1",13.3273014116802
"CTCCTCCGTTACACAC-1",13.9786662623678
"CTCCTTTAGGGTTGCA-1",10.8817818304823
"CTCCTTTCAATGTCAC-1",8.11818834766522
"CTCCTTTCATAAGCAA-1",3.70519484177031
"CTCCTTTTCCTGTAAG-1",13.3273014872418
"CTCCTTTTCTAAGAAG-1",3.60446778218334
"CTCGAGGCAGAGAATT-1",1.14514371247488
"CTCGAGGCATAGCACT-1",9.8928171526434
"CTCTCAGCAACTGAAA-1",14.0123543856596
"CTCTCGACAGTCAGTT-1",13.3273015628034
"CTCTGGTCAATGCTCA-1",9.49928933297415
"CTGAATGAGTAATACG-1",1.32405983354139
"CTGAGCGAGCCGGATA-1",8.9596957319534
"CTGAGCGAGTTTCTTC-1",11.2841309145469
"CTGAGCGCACAACATC-1",3.53572913843583
"CTGAGCGGTAACACCT-1",10.1255016053675
"CTGAGCGGTGCCTACG-1",8.08933213804385
"CTGAGGCAGTGACCTT-1",16.4889608351946
"CTGAGGCGTTCTCAGA-1",3.59418089647139
"CTGAGGCTCTGGAGAG-1",15.3903032207777
"CTGCAGGAGCAGCACA-1",16.6568387898558
"CTGCAGGAGGTTGACG-1",13.4798698873946
"CTGCAGGCAAGGATGC-1",0.0109188902204882
"CTGCAGGCACTGCATA-1",15.5883246021645
"CTGCAGGCAGGAGGAG-1",13.327301638365
"CTGCAGGTCACAGAGG-1",1.33237849721833
"CTGCAGGTCATCACTT-1",3.41887048319587
"CTGCATCAGTATTCCG-1",0.0109188146588974
"CTGCATCGTATGATCC-1",3.6200381907675
"CTGCCATTCCGATCTC-1",8.95969580751499
"CTGCCTAAGCCTAACT-1",9.95092876071207
"CTGCCTAAGCGTCAAG-1",4.36725711238294
"CTGCCTACACACACTA-1",14.8325829117876
"CTGCCTACACACGGAA-1",0.496008163259199
"CTGCCTATCAAGCCCG-1",13.9886403961536
"CTGCGAGGTGATTGGG-1",8.95969588307658
"CTGCGAGTCGGAATGG-1",16.5615538992447
"CTGCTCAAGTCAGCCC-1",7.82791134341993
"CTGCTCACAGTATTCG-1",13.3034644218425
"CTGGACGAGTAAAGCT-1",3.59418097203298
"CTGGACGTCACTGGGC-1",16.7825291592081
"CTGGACGTCCCAGTGG-1",13.1191106625414
"CTGGCAGAGTGACCTT-1",13.3273017139266
"CTGGCAGCAAGCGCTC-1",15.6255471994443
"CTGGTCTAGAAACCCG-1",13.0292255354931
"CTGGTCTAGGTTCTTG-1",9.6015041886938
"CTGTACCAGACGCCCT-1",12.4410895474146
"CTGTACCAGAGTGAAG-1",8.95969595863817
"CTGTACCAGCGTCGAA-1",15.9879121488753
"CTGTACCCACCGCTAG-1",13.3273017894882
"CTGTACCTCGGCTTGG-1",13.9886404717152
"CTGTAGAAGGCGCTCT-1",16.1894980317672
"CTGTAGATCGACATAC-1",9.52197699915628
"CTGTAGATCGAGAGAC-1",0.114306950011076
"CTGTATTCAAGTGCTT-1",14.8387290322246
"CTGTCGTTCTGGTGGC-1",10.2463258890107
"CTGTGAAAGAATTTGG-1",16.8828361802141
"CTGTGAAAGGCTAAAT-1",13.9289163597666
"CTGTGAACATGATAGA-1",15.9879122244369
"CTGTGAATCCACCTCA-1",14.4914139651613
"CTGTGAATCCCGTGAG-1",15.6255472750059
"CTGTGGGCAGTAGTGG-1",1.29234692235485
"CTGTGGGTCCCGTGTT-1",7.56475368079308
"CTTACCGCACAGTCGC-1",2.82953554954142
"CTTACCGCAGAACCGA-1",13.0939980850738
"CTTACCGTCTCGTTTA-1",9.95092883627366
"CTTAGGACAAGAGATT-1",10.0555077003789
"CTTAGGATCACGATAC-1",17.0000923427015
"CTTCAATAGCAGCCCT-1",14.1711872528017
"CTTCAATTCACCTTAT-1",2.87425796721073
"CTTCAATTCTGGGATT-1",16.9635615029356
"CTTCCGACAAAGGGTC-1",15.9603613526342
"CTTCCGACAAAGGTTA-1",8.12110304245635
"CTTCCGACAACCGTAT-1",15.5662406845955
"CTTCCTTCAATTAGGA-1",13.0542923841019
"CTTCCTTTCACCGGTG-1",3.73930597506086
"CTTCGGTTCGATTTCT-1",13.8815258697991
"CTTCTAATCGCCGAAC-1",0.95379773570969
"CTTCTCTAGAAATCCA-1",10.6535349153923
"CTTCTCTAGTGATAAC-1",12.558678380682
"CTTCTCTGTCTCTCTG-1",10.0824783530183
"CTTCTCTGTTGACGGA-1",14.4914140407229
"CTTGAGAAGCCTATCA-1",2.34659282571845
"CTTGAGAGTCTGCGCA-1",12.6150514121714
"CTTGATTCACCCGTAG-1",13.2746448263639
"CTTGATTGTAAGTAGT-1",16.1885669902486
"CTTGATTGTTTGGGTT-1",16.16813160759
"CTTGATTTCGCCATAA-1",8.95969603419976
"CTTTCAAAGAGTAACT-1",13.3273018650498
"CTTTCGGAGTCGTCTA-1",14.3026030370181
"CTTTCGGCAGCAGGAT-1",13.5559459040609
"GAAACCTAGGAGGTTC-1",1.33237857277992
"GAAACCTAGTCGCGAA-1",14.0049328486757
"GAAACCTAGTTAACGA-1",3.59418104759457
"GAAATGAAGTAACCTC-1",1.5205757466793
"GAAATGAGTGGCAACA-1",7.25593123222608
"GAAATGAGTGTTTGCA-1",0.0109187390973067
"GAAATGATCTAAGCCA-1",8.95969610976135
"GAACGTTGTATGTCTG-1",16.5711046891651
"GAACTGTCAGCTGCCA-1",13.0558310608492
"GAACTGTCAGTCTGGC-1",14.1069957242741
"GAACTGTCATCCTATT-1",15.8154987746912
"GAAGAATGTTGGAGGT-1",0.912221385789829
"GAAGCCCCACATCATG-1",3.59418112315617
"GAAGCGATCACTACTT-1",12.5122608230525
"GAAGCGATCATCTGTT-1",9.1175075916893
"GAAGCGATCCAACCAA-1",9.5814775794316
"GAAGGACTCCTCACGT-1",12.6042494398957
"GAAGGGTAGAGCATTA-1",4.99014939359864
"GAAGGGTAGAGTATAC-1",16.7228457119873
"GAAGGGTGTCGACTGC-1",13.3273019406114
"GAAGGGTGTTTGAACC-1",15.6255473505675
"GAAGTAAAGCGCTTCG-1",13.327302016173
"GAAGTAAAGGTATAGT-1",16.8361199420331
"GAAGTAAAGTTCTCTT-1",1.30027458623332
"GAAGTAACAGACAAGC-1",11.6702132338007
"GAATAGACACACCTTC-1",2.37377483847973
"GAATAGAGTTCGATTG-1",16.1899846995381
"GAATAGAGTTCGTACA-1",1.2691189405101
"GAATAGAGTTGTTGCA-1",16.5198024877327
"GAATCACAGCTCAGAG-1",1.32430686098725
"GAATCACCACAATGCT-1",9.30797230566731
"GAATCGTCAATTCTCT-1",13.2354639638468
"GAATCGTGTACGTGAG-1",11.3441038019625
"GAATCGTGTCACTCGG-1",3.59418119871776
"GACACGCAGTGTAGTA-1",15.7606868865179
"GACACGCCAACTTGCA-1",12.6937954409635
"GACACGCTCGAGAGCA-1",1.37341622938115
"GACAGCCAGACTTCAC-1",11.4725931304012
"GACAGCCGTTGCTCAA-1",9.5181581313057
"GACAGCCGTTGCTTGA-1",15.3486210781329
"GACATCAAGTACCCTA-1",8.95969618532294
"GACATCACATGGAATA-1",0.0109186635357159
"GACATCATCCATACAG-1",1.33237864834151
"GACCAATAGTTCCATG-1",2.91150448732658
"GACCAATTCTACAGGT-1",13.0490907758298
"GACCCAGTCGGTCTGG-1",15.3931434052608
"GACCCTTCAACCGTAT-1",15.5885620215327
"GACCGTGAGTAACAGT-1",11.4508015175053
"GACCGTGCAATCGCGC-1",12.5398957923901
"GACCGTGGTCCCTGTT-1",7.83996826888063
"GACCGTGGTGTGTGGA-1",15.7233360074996
"GACCTTCAGGTACCTT-1",13.3273020917346
"GACGTTACAAGGTCGA-1",15.7462907225829
"GACGTTACATAAGATG-1",16.8231573099031
"GACGTTAGTTATCCAG-1",15.3486211536945
"GACTATGTCAAGGACG-1",1.3012033037512
"GACTCAAAGACAGCTG-1",11.4291207892691
"GACTCAAAGGTAATCA-1",13.8981752462289
"GACTCAAGTCGTTATG-1",15.815388382599
"GACTCAAGTGAGATAT-1",11.4377160803626
"GACTCAATCCAACACA-1",16.922637829766
"GACTCTCCAGCTACAT-1",9.21226976164586
"GACTCTCTCACTTGTT-1",14.5210862258774
"GACTGATGTAGCGTCC-1",12.7401434417338
"GACTTCCCACGATAGG-1",9.95092891183525
"GACTTCCCAGCACGAA-1",1.3323787239031
"GACTTCCCAGTTGTCA-1",14.0320686903396
"GACTTCCGTCATCCCT-1",13.3273021672961
"GACTTCCTCAATCCAG-1",11.7027535237846
"GACTTCCTCCTCGCAT-1",15.6873252769971
"GAGAAATAGAACAAGG-1",0.0109185879741251
"GAGAAATGTCCGGTCA-1",9.70494155806854
"GAGAAATGTCCGTACG-1",8.27685041956761
"GAGACCCAGAACCGCA-1",13.0292256110547
"GAGACCCGTAACTTCG-1",10.2463259645723
"GAGACCCGTCTGTGAT-1",16.8070765494865
"GAGACTTCAGTTACCA-1",11.6690278552989
"GAGACTTTCGCTTACC-1",8.6855107678322
"GAGAGGTCATGCCATA-1",16.7173225162314
"GAGATGGAGTGCTCAT-1",13.9515494803446
"GAGATGGGTAGAAACT-1",0.0109185124125344
"GAGCCTGCACAAGGTG-1",13.5681471364512
"GAGCTGCCAAATCGTC-1",7.74974108321158
"GAGCTGCCAGCGAGTA-1",0.0109184368509436
"GAGCTGCCAGGTTTAC-1",15.1513087974868
"GAGCTGCGTCACTTCC-1",15.8325848758601
"GAGCTGCGTCATAACC-1",12.597928787655
"GAGCTGCTCGCATTGA-1",13.2672927846165
"GAGGCAAAGCAATAAC-1",1.87817623703901
"GAGGCAACACCTGTCT-1",13.5714749146426
"GAGGCAAGTAATGATG-1",13.3528374579148
"GAGGCAATCACGTCCT-1",9.46414098823069
"GAGGCAATCCCGTTCA-1",11.2624284217969
"GAGGCAATCGAGATGG-1",11.4097362446229
"GAGGCCTAGGCCTTCG-1",12.4509907449974
"GAGGCCTCAACAAGTA-1",12.9171053338525
"GAGGCCTCAAGTGGGT-1",12.6042366541882
"GAGGCCTCACGCTGTG-1",13.0292256866163
"GAGGCCTGTCTCACAA-1",15.3800007685398
"GAGGCCTTCGTAGGAG-1",7.65206367888183
"GAGGGATAGGCAATGC-1",7.69646912334215
"GAGGGATTCTAGGAAA-1",15.921287583989
"GAGGGATTCTTCGACC-1",9.95092898739684
"GAGGGTAAGACCTCAT-1",0.0109183612893529
"GAGGGTATCATCGGGC-1",3.30108773476882
"GAGGGTATCCTATTTG-1",12.6036677724273
"GAGGGTATCGCCTTTG-1",9.63634134796251
"GAGTCATCATGCTGCG-1",15.9879122999985
"GAGTCATGTGAAAGTT-1",13.0309075666404
"GAGTCATGTTGGGATG-1",14.0129876879636
"GAGTGAGAGATTACCC-1",11.050646885305
"GAGTGAGCAGGTATGG-1",13.0194036722294
"GAGTGAGGTGTTAGCT-1",15.6830663036867
"GAGTGTTAGACCGCCT-1",1.00417085004059
"GAGTGTTCAGAGTGAC-1",10.8181476055596
"GAGTGTTCAGTATGAA-1",0.0109182857277621
"GAGTGTTGTAGAGATT-1",0.0109182101661713
"GAGTGTTGTTTGTGGT-1",13.0372689210268
"GAGTGTTTCCGCAAAT-1",9.95092906295843
"GAGTTACCAAAGAACT-1",3.62454239105365
"GAGTTACCATATTCGG-1",13.3273022428577
"GAGTTGTGTGGCCACT-1",7.85458471256257
"GAGTTTGCACTTGAGT-1",9.95092913852002
"GAGTTTGTCAACCTTT-1",16.2745389831938
"GAGTTTGTCCTTCTTC-1",15.6340262334511
"GAGTTTGTCTACGCAA-1",15.9879123755601
"GATAGAACAAAGGGCT-1",16.1880938396929
"GATAGAAGTCGTGATT-1",16.6899496994555
"GATAGAATCGACCTAA-1",16.7684296260971
"GATAGAATCTCCTACG-1",15.2099564162639
"GATCACAGTATGGTAA-1",15.6255474261291
"GATCACATCGCCTTTG-1",14.3131254172476
"GATCAGTAGATGATTG-1",13.3273023184193
"GATCAGTAGGTCATCT-1",3.9465982505151
"GATCAGTAGTTCGCAT-1",2.02050360421131
"GATCAGTCAATTTCGG-1",16.0891796674631
"GATCAGTGTTCCTTGC-1",16.1483653053166
"GATCATGAGACTTCAC-1",3.65784855169519
"GATCATGGTCGTTGCG-1",12.6071219768653
"GATCATGGTCTACTGA-1",1.89283099768083
"GATCATGTCGGTCAGC-1",13.1309134325931
"GATCCCTCACTGGCGT-1",12.6316067381767
"GATCCCTGTATGGTAA-1",13.2673761302557
"GATCCCTGTTAACAGA-1",16.2679635109465
"GATCGTAGTCTTGAGT-1",13.3273023939809
"GATGACTCAAGTTTGC-1",9.4468998020886
"GATGACTCAGTTGAAA-1",13.2161435827688
"GATGACTGTATAGGGC-1",13.546619710046
"GATGACTGTGTCATTG-1",16.1893268004733
"GATGATCCACAAATAG-1",12.4651497252055
"GATGCTAAGAATCGTA-1",16.5446825129855
"GATGGAGAGAGGGTGG-1",12.991836731223
"GATGGAGCACTTTATC-1",15.8661121542239
"GATGGAGGTATTTCCT-1",13.3273024695425
"GATGTTGAGTAATACG-1",13.0476618346969
"GATGTTGGTTATTCCT-1",0.0109181346045806
"GATTCTTCAGCGTACC-1",13.2832627283576
"GATTCTTTCATCTATC-1",3.72503853526869
"GATTGGTCAATCGAAA-1",7.81118015122339
"GATTGGTGTAATACCC-1",4.49148489790181
"GATTTCTCAACTCCAA-1",7.64153962011316
"GATTTCTTCAAGAAAC-1",13.1978128771329
"GATTTCTTCTTACACT-1",8.95969626088453
"GCAACATCAAATGCTC-1",8.95969633644612
"GCAACCGAGGTTTGAA-1",7.9926153794448
"GCAACCGCAAAGGATT-1",1.3380249470884
"GCAACCGGTCCATCTC-1",7.1439384250172
"GCACGGTCAGCTGAAG-1",15.5179225488371
"GCACGGTGTGTTTGCA-1",4.12678678393942
"GCACGGTTCCGATCGG-1",11.4841514936355
"GCACGTGAGGTAAGTT-1",12.6229632967974
"GCACGTGCAAGCAATA-1",15.7413987013345
"GCACGTGGTCTCCCTA-1",13.0292257621779
"GCACGTGTCCAAATGC-1",0.0185786246538275
"GCACTAAAGCAACAAT-1",9.09183859493613
"GCACTAATCCATCCGT-1",12.4941871594397
"GCAGCCATCTCCTACG-1",10.6563806745659
"GCAGCTGAGTCTACCA-1",7.82791141898152
"GCAGCTGCAAGACCTT-1",4.27293760365652
"GCAGCTGTCACTGATG-1",12.6041504008646
"GCAGGCTCAAGCGATG-1",15.399769815277
"GCAGGCTGTATCGCGC-1",9.37708223342388
"GCAGTTACACTAGGTT-1",13.3273025451041
"GCAGTTAGTGACCTGC-1",0.0109180590429898
"GCATCGGGTCTAACGT-1",15.899451939552
"GCATCGGTCACATTGG-1",16.5503236112561
"GCATCGGTCATAAGGA-1",14.4464387103566
"GCATCTCCACACACTA-1",1.54056960832572
"GCATGATAGACGGTTG-1",0.0109179834813991
"GCATGATAGGAAAGGT-1",15.9879124511217
"GCATGATCATCCGAAT-1",5.03474607787664
"GCATGATGTAGGCAGT-1",15.3879662182295
"GCATTAGCAGTTTCAG-1",12.5367313937543
"GCATTAGTCCTAGAGT-1",15.3398137243471
"GCCAACGAGCATACTC-1",16.7607161054294
"GCCAACGGTTAAACCC-1",8.29736274600069
"GCCAACGTCCATCTGC-1",9.69414477731709
"GCCAGCAAGATTCGAA-1",13.3110313509007
"GCCAGCACAACGACTT-1",4.73570163848382
"GCCAGCATCGACGATT-1",15.1159687757635
"GCCAGCATCTCCACTG-1",1.10819005173746
"GCCAGCATCTCTATAC-1",15.9543518883525
"GCCAGGTAGACCAACG-1",8.73222771227713
"GCCAGGTCACGGCTAC-1",1.48166245714737
"GCCAGGTCACGTCATA-1",9.95092921408161
"GCCAGGTCATTCTCTA-1",14.0574613835809
"GCCAGTGCACAAGCAG-1",12.6388591865741
"GCCATGGGTAGTCCTA-1",0.0109179079198083
"GCCATTCGTAACCCTA-1",15.5749444358633
"GCCCAGAAGGACAAGA-1",5.0241334192717
"GCCCAGAGTAATTAGG-1",13.677913717701
"GCCCGAATCTGTTGGA-1",13.6229053107649
"GCCGATGCACTAACGT-1",11.058979617679
"GCCGTGACACGACGTC-1",0.0109178323582175
"GCCGTGACATGATGCT-1",16.2264438227008
"GCCGTGAGTGGCAACA-1",13.0292258377394
"GCGAGAAAGACATACA-1",10.2463260401339
"GCGAGAACAAGCGAAC-1",14.9533068022863
"GCGAGAAGTGACGTCC-1",16.5671595610879
"GCGAGAATCGATTTCT-1",9.78497933230694
"GCGATCGTCTATGTGG-1",16.2051171248793
"GCGGAAACAGACCCGT-1",13.6229053863265
"GCGGAAACAGTTGCGC-1",12.6358037792804
"GCGGAAATCTGGCCAG-1",13.5559459796225
"GCGGATCAGGTATCTC-1",14.5748451027384
"GCGGATCCAGCGTACC-1",11.4791320306702
"GCGGATCTCAACACGT-1",4.79900746143043
"GCGTGCAAGTTCGCAT-1",16.7722688261217
"GCGTGCACAGAGTCTT-1",11.9638190463147
"GCGTTTCAGTACCATC-1",12.6433241503871
"GCGTTTCCATTGCCTC-1",2.7746440872893
"GCTACAAAGGTTTGAA-1",14.3026031125797
"GCTACAACAGTTCACA-1",16.1460436267172
"GCTACAAGTCATATGC-1",13.754181183117
"GCTACAAGTTCCTAGA-1",13.9781537287337
"GCTACAAGTTCTGAGT-1",15.9879125266833
"GCTACAATCGTTCTGC-1",13.3639954859699
"GCTACAATCTTCTAAC-1",15.9879126022449
"GCTACCTCACTATGTG-1",15.9879126778065
"GCTACCTTCATAGACC-1",3.72403083113794
"GCTACCTTCCTCGCAT-1",0.0109177567966268
"GCTCAAACATACGCAT-1",12.177920364398
"GCTCAAAGTGCGTCGT-1",16.1899717169144
"GCTCAAAGTTAAACCC-1",10.0581928473417
"GCTCAAATCGTTACCC-1",8.02081411576784
"GCTGAATCATAGACTC-1",12.624457796439
"GCTGAATTCCTAGCCT-1",15.1918680740358
"GCTGCAGAGCAGAAAG-1",9.80777797127998
"GCTGGGTAGATTGTGA-1",13.9792628303466
"GCTGGGTCAAGCTCTA-1",7.81139552104651
"GCTGGGTGTGAGGCAT-1",16.0891797430247
"GCTTCACTCGCGATCG-1",0.0127672228720459
"GCTTGGGCAACAAAGT-1",3.59418127427935
"GCTTTCGAGAACGCGT-1",16.3943490128767
"GCTTTCGAGCCGTCGT-1",15.987912753368
"GCTTTCGAGGGACAGG-1",13.3273026206657
"GCTTTCGAGGTTCCAT-1",16.7518499481348
"GCTTTCGCAATTCGTG-1",0.010917681235036
"GCTTTCGCAGAGCCCT-1",8.8939113107395
"GCTTTCGGTAGTCTTG-1",9.80777804684157
"GCTTTCGTCGAGAGCA-1",0.0957426696632071
"GGAACCCAGCAATTCC-1",0.0109176056734452
"GGAACCCCAACTGGTT-1",11.4418665639186
"GGAACCCGTCTTCTAT-1",1.31117727468396
"GGAACCCGTGACTCGC-1",7.92333779640568
"GGAAGTGAGAGGCCAT-1",11.2882998194541
"GGAAGTGAGATCCCGC-1",14.4914141162845
"GGAAGTGGTGTATACC-1",13.3273026962273
"GGAATCTCACCAACAT-1",10.0546226463918
"GGAATCTGTGATGTAA-1",13.8310474011994
"GGAATGGAGGTCCCGT-1",14.8366030036926
"GGAATGGAGGTGAGCT-1",10.7904152936632
"GGACGTCCACTGTGTA-1",13.0732423619786
"GGACGTCCATCACGGC-1",16.2236391793518
"GGAGAACAGCCGATTT-1",16.8361200175947
"GGAGATGAGTTGAAGT-1",7.75659612279579
"GGAGGATAGGATAATC-1",15.6255475016906
"GGAGGATAGGCTCTCG-1",3.72003889475676
"GGAGGATAGTATGACA-1",16.1883711964435
"GGAGGATCATAATCGC-1",11.3008487624411
"GGAGGATCATTACGGT-1",15.3486212292561
"GGAGGATTCATTCCTA-1",14.4914141918461
"GGAGGATTCCTTCAGC-1",2.93113158021769
"GGAGGTAAGGACTGGT-1",16.8361200931563
"GGAGGTATCATGAGAA-1",13.1179477929976
"GGATCTAAGACTAGAT-1",16.6287006668816
"GGATCTACAAAGAGTT-1",7.45188398357862
"GGATCTACACTGGATT-1",13.3273027717889
"GGATCTAGTCGCGTTG-1",13.8807265198742
"GGATCTAGTTGCAACT-1",13.8802029656204
"GGATCTATCAACTACG-1",4.96037817009396
"GGATCTATCACTGATG-1",1.95091979046116
"GGATCTATCATGAGGG-1",12.7187817183363
"GGATGTTAGAATCGAT-1",0.0109175301118545
"GGATGTTCAAAGCGTG-1",15.5224995565927
"GGATGTTGTGTGGTCC-1",13.3273028473505
"GGCACGTAGGAAAGAC-1",15.9879128289296
"GGCACGTCATGAATAG-1",13.029225913301
"GGCACGTGTCGCGGTT-1",0.0109174545502637
"GGCACGTTCTTTGCGC-1",13.0292259888626
"GGCAGTCTCAGCTGAT-1",3.59418134984094
"GGCGTCAAGCTAGAAT-1",0.010917378988673
"GGCGTCAGTCGCGGTT-1",14.2451728144331
"GGCGTCATCGTTCGCT-1",0.575758457609548
"GGCTGTGTCACGAACT-1",13.8809204413774
"GGCTTGGAGACGCCAA-1",12.728098527215
"GGCTTGGCAAATTGCC-1",0.0109173034270822
"GGCTTGGCACCCTGTT-1",9.9509292896432
"GGCTTGGGTGATACTC-1",11.5649141550133
"GGCTTGGGTGGCTCTG-1",13.974520939964
"GGCTTTCAGAAACTCA-1",10.0636863131307
"GGCTTTCAGTAGGATT-1",15.9879129044912
"GGGAAGTCAAATTGGA-1",0.0109172278654914
"GGGACAACAATTGCTG-1",13.327302922912
"GGGACAACAGGAGGAG-1",13.1919244323304
"GGGACAAGTACGGTTT-1",14.4914142674077
"GGGACAAGTGCGGCTT-1",1.42875912174065
"GGGACCTCAACTGCCG-1",9.74220778647657
"GGGACCTCATGGGCAA-1",13.3273029984736
"GGGACTCAGGGATCGT-1",17.0775122362503
"GGGACTCTCCATATGG-1",9.56850694986255
"GGGAGATTCTCCAATT-1",13.2827443164151
"GGGAGTAAGCCGATAG-1",13.0292260644242
"GGGAGTAAGCTATCCA-1",13.0952844481465
"GGGAGTAAGCTCGACC-1",13.9949241950752
"GGGAGTAAGTGGCCTC-1",2.81383161375596
"GGGAGTACACTGTCCT-1",1.81819178151518
"GGGAGTACAGCATGCC-1",0.0109171523039007
"GGGAGTACATTGTCGA-1",0.36174893746972
"GGGAGTAGTTAGGCTT-1",13.9772952345009
"GGGAGTATCTACGGGC-1",5.01668118457808
"GGGATCCAGTGATCGG-1",13.3273030740352
"GGGATCCCAAACCATC-1",10.7935597462267
"GGGATCCCATGGCTGC-1",15.9879129800528
"GGGATGACACCTGATA-1",15.8160999847103
"GGGATGACATACACCA-1",0.0109170767423099
"GGGATGACATTCTGTT-1",12.9939165163732
"GGGATGACATTGCTGA-1",15.8178048094517
"GGGATGAGTATGAAAC-1",3.90821438566323
"GGGATGATCAGTGTTG-1",12.6433242259487
"GGGCCATAGCATTTGC-1",7.89470152829493
"GGGCCATAGGACAGCT-1",15.4421685352701
"GGGCCATGTAAGGCTG-1",16.5735093397755
"GGGCCATTCGCCGAAC-1",16.1136717724319
"GGGCGTTAGCAGGGAG-1",16.5325095257889
"GGGCGTTAGTGGGAAA-1",0.00507406719403658
"GGGCTCAGTCTAATCG-1",9.50738182028344
"GGGCTCAGTTGGTGTT-1",13.0568563196677
"GGGTAGAGTCACCCTT-1",16.2679635865081
"GGGTAGAGTGCGTCGT-1",0.0109170011807191
"GGGTATTCACAATGTC-1",11.0398354133954
"GGGTATTTCGTCACCT-1",15.9879130556144
"GGGTCTGAGACATCCT-1",15.7555467024469
"GGGTCTGAGATGAATC-1",11.0699905070868
"GGGTGAAAGGTTCCAT-1",16.621539833851
"GGGTGAAGTTGTAGCT-1",15.6936627177561
"GGGTGAATCACTACGA-1",0.0109169256191284
"GGGTTATTCCGTGTCT-1",7.20099431464545
"GGGTTTAAGATGGTCG-1",14.9592068821617
"GGGTTTATCAGGACGA-1",1.40366367656134
"GGTAACTGTCTACGTA-1",14.4914143429693
"GGTAACTTCCAAAGGG-1",15.3486213048177
"GGTAACTTCCCAGGCA-1",11.336652527622
"GGTAACTTCCTCACTG-1",9.1289981119378
"GGTAACTTCGTTCCTG-1",15.0216104992067
"GGTAATCAGGGTGAAA-1",3.62959468672132
"GGTAATCCAGAAGTTA-1",13.0292261399858
"GGTAATCTCTACAGGT-1",16.2051172004409
"GGTCACGAGAGAGCGG-1",15.7894582100767
"GGTCACGAGTGACACG-1",15.218316266527
"GGTCACGTCCCAATAG-1",1.41303981061612
"GGTCTGGAGCACCCAC-1",14.9944478903524
"GGTCTGGCATGTACGT-1",8.95969641200771
"GGTCTGGGTACCGTGC-1",16.9340976917927
"GGTCTGGGTCGCACAC-1",17.0254251643076
"GGTCTGGGTTCATCTT-1",16.2430105433275
"GGTGAAGCAAGGGTCA-1",0.0109168500575376
"GGTGAAGCAGGACAGT-1",0.0109167744959469
"GGTGATTAGCTGACCC-1",11.1435083440492
"GGTGATTAGGGTCAAC-1",15.3507667518083
"GGTGGCTAGCATGCAG-1",10.1054646514708
"GGTGGCTCACAGAGCA-1",8.16204015271479
"GGTGGCTCAGGCTATT-1",13.5559460551841
"GGTGGCTCAGGTGTTT-1",14.137446295849
"GGTGGCTGTATGAAAC-1",13.6968758800339
"GGTGGCTGTTTCGTGA-1",9.39020665227828
"GGTGTCGAGGACAAGA-1",16.0891798185863
"GGTGTCGAGGCAGGGA-1",16.6298797092234
"GGTGTCGCACTACTTT-1",8.9596964875693
"GGTGTCGGTCTACAGT-1",3.59418142540253
"GGTGTCGTCGTGGGAA-1",12.5490375763301
"GGTTAACCACAGAAGC-1",12.6053513897103
"GGTTAACGTACTGGGA-1",15.530597523278
"GGTTCTCCAAGTTGGG-1",11.6466058791513
"GGTTCTCGTCCTATAG-1",7.82791149454311
"GGTTCTCTCATCGGGC-1",9.95092936520479
"GGTTGTACAAATGGTA-1",0.00590891881334876
"GGTTGTAGTAACAGTA-1",8.8321694152145
"GGTTGTAGTCGTCGGT-1",13.9886405472768
"GTAACACGTTTGGAAA-1",1.33145816963401
"GTAACCACAGACCTGC-1",13.8808971628218
"GTAACCACATCTCGTC-1",3.6074139848115
"GTAACCAGTCGCCTAG-1",16.0377907524228
"GTAACCAGTTGCGGCT-1",13.9886406228383
"GTAAGTCAGAGAGTGA-1",15.5218878071211
"GTAAGTCAGGCGTTGA-1",9.47637112904223
"GTAAGTCTCCAGGACC-1",8.15946678287686
"GTAATCGAGCATTGTC-1",15.0403286672317
"GTAATCGAGCTGACAG-1",15.4082708194081
"GTAATCGAGCTTGTGT-1",15.3809578898836
"GTAATCGCATAGAAAC-1",16.9832590518466
"GTAATCGGTTCGCGTG-1",13.0292262155474
"GTAATCGTCCGATCGG-1",7.82144805780115
"GTAATGCAGGCCATAG-1",10.6523081270974
"GTAATGCCACAACGAG-1",13.029226291109
"GTAATGCGTCACCGCA-1",15.7710133602643
"GTACAACAGAGTTCGG-1",9.61879041046525
"GTACAACTCCAGCACG-1",15.6255475772522
"GTACAGTAGAACCCGA-1",13.7732526725634
"GTACAGTAGTATTGCC-1",8.95969656313089
"GTACAGTCAATTTCCT-1",1.33237879946469
"GTACAGTTCACCTGGG-1",16.399702065967
"GTAGAAAAGTAGGAAG-1",7.60789894970282
"GTAGAAATCCTTCTGG-1",1.34817697399306
"GTAGAAATCTCCGAAA-1",13.0445552313782
"GTAGAGGAGATTTGCC-1",9.95092944076638
"GTAGAGGCAACCAATC-1",14.171104184287
"GTAGAGGCAATTGGTC-1",9.43058479648671
"GTAGAGGTCTTCTCAA-1",3.55566440262181
"GTAGATCCAACTTGCA-1",13.1813413061033
"GTAGATCCAAGCCTGC-1",13.3273031495968
"GTAGATCCAGCAGTGA-1",13.9252181973694
"GTAGATCTCCATAGAC-1",4.96246283970758
"GTAGATCTCCTACCAC-1",12.8063938936535
"GTAGATCTCTTACTGT-1",14.3370724302176
"GTAGCTAGTCGGCACT-1",16.5446949421476
"GTAGGAGCAAGCGGAT-1",12.8663245978374
"GTAGGAGCATGCCGCA-1",16.3098098615135
"GTAGGAGTCTTAGTTC-1",3.74325460848528
"GTAGGTTAGTGCAGCA-1",13.3273032251584
"GTAGGTTGTGATACCT-1",12.7245721868964
"GTAGTACCAGTTGGTT-1",0.0109166989343561
"GTAGTACCATGTACGT-1",0.0109166233727653
"GTAGTACTCATAGACC-1",3.59418150096412
"GTATTGGAGCCATTCA-1",2.83370172235989
"GTATTGGCACTTACAG-1",0.0109165478111746
"GTATTGGCAGTTTCAG-1",2.40158652750378
"GTATTTCCAAACTCGT-1",16.2679636620697
"GTATTTCCAAGTGGAC-1",0.466346251993856
"GTATTTCCAGAATCGG-1",11.3179342410901
"GTATTTCTCCCGTGTT-1",16.6287007424432
"GTCAAACCAATGCTCA-1",3.74325468404688
"GTCAAGTGTCGGTGTC-1",3.26809230376751
"GTCACGGCATACCAGT-1",13.32730330072
"GTCACTCGTACAATAG-1",9.65140587508329
"GTCAGCGTCGTCCTCA-1",7.78885855002272
"GTCATCCAGGAAGTGA-1",11.3762206127396
"GTCATCCAGGATTCAA-1",11.4631884515089
"GTCATCCTCCGCAAAT-1",14.1296931949389
"GTCATCCTCTACCAGA-1",4.96037824565555
"GTCATTTGTTCAGTAC-1",15.987913131176
"GTCATTTTCCACATAG-1",15.5397034531525
"GTCCACTAGCGTCGAA-1",14.1399673313935
"GTCCACTGTATCGTTG-1",12.9256425768957
"GTCCACTGTTGATGTC-1",12.5896851811673
"GTCCCATGTGATAGAT-1",13.0292263666706
"GTCCCATGTTGGTAGG-1",12.6029916268938
"GTCCCATGTTTACGTG-1",16.3040475015628
"GTCCCATTCGGACAAG-1",12.5730128697836
"GTCGAATGTCGCGTCA-1",15.5273518862332
"GTCGCGACACAGAAGC-1",13.9289164353282
"GTCGCGAGTCTGTAGT-1",11.5941826755935
"GTCGCGATCGGCTGGT-1",11.1305682469554
"GTCGTAAAGCGCCCAT-1",0.054405826476716
"GTCGTAACAGAAATCA-1",8.95969663869248
"GTCGTAAGTGTGTTTG-1",11.0920182540884
"GTCGTTCAGGTATAGT-1",12.6129031499768
"GTCGTTCCACGCCAGT-1",13.5559461307457
"GTCGTTCGTAAGGTCG-1",16.1171138434542
"GTCGTTCGTTGAGTCT-1",3.59418157652571
"GTCTACCAGAGCCGAT-1",5.02712616639077
"GTCTACCTCCGCACTT-1",3.70520112951497
"GTCTAGAAGATCGGTG-1",16.446823816276
"GTCTAGATCTGTCCCA-1",13.3273033762816
"GTCTCACAGGCGATAC-1",1.31256417191116
"GTCTCACCACATAGCT-1",1.32728680329393
"GTCTCACTCAAGCTTG-1",10.7466901797242
"GTCTCACTCGTTCATT-1",10.7634962704141
"GTCTGTCAGGTAAAGG-1",11.3431703006272
"GTCTGTCAGGTGCTTT-1",13.0122327026641
"GTCTGTCCACATATCG-1",2.81465834000515
"GTCTGTCCACTCTGCT-1",3.5941816520873
"GTCTGTCGTGGACTAG-1",14.4914144185309
"GTCTTTACATTAGGCT-1",13.9332850125638
"GTCTTTAGTCAACACT-1",1.29372010588291
"GTCTTTAGTCACTTCC-1",15.182280336287
"GTCTTTATCGTCGACG-1",15.9879132067376
"GTGACGCAGCTACGTT-1",12.5768976869989
"GTGACGCAGTGAGCCA-1",8.95969671425408
"GTGACGCCACGCTGTG-1",11.5018606336748
"GTGACGCGTGAAAGTT-1",13.7223993705747
"GTGACGCTCAATGTCG-1",9.80777812240316
"GTGACGCTCACCTGTC-1",3.59418172764889
"GTGACGCTCCCAGCGA-1",14.4281764881413
"GTGACGCTCCGTATGA-1",12.6433243015103
"GTGAGCCTCCGTGTAA-1",0.0109164722495838
"GTGAGCCTCGACGAGA-1",12.6060684285156
"GTGAGGACACTGTCCT-1",10.1357795553314
"GTGAGGAGTAGCTGCC-1",14.2540578585673
"GTGAGGAGTTGAATCC-1",0.575758533171138
"GTGAGTTAGTAGTGCG-1",15.9151483749329
"GTGAGTTCAAATGCTC-1",0.460450952053822
"GTGAGTTCAGAGGGTT-1",0.380937222132051
"GTGATGTAGGGAACAA-1",12.6433243770719
"GTGATGTAGGGAGGTG-1",15.9879132822992
"GTGATGTCAGACAATA-1",11.7742251333829
"GTGATGTTCCGTCACT-1",13.057222877756
"GTGCACGCATAGCTGT-1",13.0292264422322
"GTGCACGGTCAGGTGA-1",15.6724290198638
"GTGCACGGTCGATTCA-1",12.6139389884811
"GTGCACGTCTGAATGC-1",14.0101806457241
"GTGCAGCAGGCAGGGA-1",13.196973799808
"GTGCAGCAGTGAGCCA-1",0.010916396687993
"GTGCGTGCATCTCATT-1",12.4101062482517
"GTGCGTGCATGTACGT-1",13.5559462063072
"GTGCGTGTCCAAAGGG-1",16.6865606012081
"GTGCTGGCAGACACCC-1",11.5479892148886
"GTGCTGGGTGACAGGT-1",16.982552321282
"GTGCTGGGTGTCTTAG-1",11.0416196133878
"GTGCTGGTCGGAAGGT-1",15.9879133578608
"GTGCTGGTCTGTAACG-1",13.9410959457534
"GTGCTTCGTCACCTTC-1",15.856935393334
"GTGCTTCTCAAAGAAC-1",8.25807514082136
"GTGGAAGGTAGAATAC-1",15.485646846848
"GTGGAAGGTCCTGGGT-1",8.33340419880199
"GTGGAAGTCCACGTAA-1",16.8077301906337
"GTGGAGAAGGTTGGAC-1",3.59418180321048
"GTGGAGAAGTGATTCC-1",2.70117852618686
"GTGGAGAAGTTGTCAC-1",12.5424307795418
"GTGGAGACACCGTGAC-1",15.7162343747986
"GTGGCGTAGACATATG-1",15.9879134334224
"GTGGCGTAGCTCGACC-1",12.9171054094141
"GTGGCGTAGTCGGGAT-1",15.3486213803793
"GTGGCGTGTCCAATCA-1",7.48462551576784
"GTGGCGTTCCCTGTTG-1",11.5559980440418
"GTGGCGTTCCTAGCTC-1",0.0109163211264023
"GTGGCGTTCGGCTGTG-1",16.7359836770854
"GTGGGAATCGGTCATA-1",12.6060685040772
"GTGGTTAGTCACCGAC-1",15.9859293754504
"GTGGTTAGTGACTGAG-1",12.6086091061899
"GTGGTTATCCTACGAA-1",14.050431568229
"GTGTAACCAGTCGGAA-1",10.5333437568776
"GTGTAACGTAAGGCCA-1",13.0292265177938
"GTGTAACTCGCCAATA-1",15.4507812945282
"GTGTCCTCAACTCATG-1",1.30950576616978
"GTGTGGCGTAGACAAT-1",13.3273034518432
"GTGTTAGAGGGTCTTT-1",9.59575641993471
"GTGTTAGCAACATCGT-1",17.0155840387558
"GTGTTAGCATAATCGC-1",9.67414292752393
"GTGTTCCCACTGCATA-1",0.00696487937167589
"GTGTTCCCAGCCCAGT-1",7.49309235500029
"GTGTTCCGTCACTTCC-1",12.6378735819819
"GTGTTCCTCACCCTTG-1",16.2679637376313
"GTTACCCAGCAAATCA-1",9.25311462924827
"GTTACCCAGCACCAGA-1",9.95092951632797
"GTTACGACAAGAATGT-1",11.4508015930669
"GTTACGACAATCCTAG-1",9.80777819796475
"GTTACGATCGCAGTGC-1",15.987913508984
"GTTAGACCACAATTCG-1",3.74138733038677
"GTTAGTGAGGTCCAGA-1",16.8361201687179
"GTTAGTGAGTGTCATC-1",3.59418187877207
"GTTAGTGCAAGCCTGC-1",13.634362128189
"GTTATGGAGTGCTAGG-1",4.49791637271224
"GTTATGGGTAGTTAGA-1",10.6705021998559
"GTTCATTCATACCAGT-1",9.58789174007734
"GTTCATTTCTACTTCA-1",8.88083232402117
"GTTCTATGTACCTGTA-1",1.03376857780543
"GTTGAACGTGACAACG-1",13.3273035274048
"GTTGAACTCGTCTACC-1",1.19919005412526
"GTTGCTCAGGGCTGAT-1",13.3273036029664
"GTTGCTCAGGTCTGGA-1",14.0802112565105
"GTTGCTCAGTCATCCA-1",3.58434246857419
"GTTGCTCGTTAAGGGC-1",15.6851134098318
"GTTGCTCTCATAGACC-1",3.59418195433366
"GTTGTAGAGGACAAGA-1",0.0109162455648115
"GTTGTAGTCGTAACAC-1",13.327303678528
"GTTGTCCGTCGGTACC-1",8.95969678981567
"GTTGTGACACAACCGC-1",16.1894898525967
"GTTTACTGTCTCGGGT-1",11.3193212393588
"GTTTACTTCATTGTGG-1",9.64768805540762
"GTTTACTTCGACGACC-1",0.0109161700032208
"GTTTGGAAGCATCCCG-1",0.446671206077744
"GTTTGGAGTCATAACC-1",15.8229983980578
"GTTTGGAGTGTCGATT-1",13.5559462818688
"GTTTGGATCCCAAGCG-1",0
"GTTTGGATCGACGATT-1",0.01091609444163
"GTTTGGATCGTCGGGT-1",13.0416658903049
"TAACACGGTAGATGTA-1",0.0109160188800392
"TAACCAGCATTCACCC-1",7.58297459370637
"TAACCAGGTACGTAGG-1",15.6255476528138
"TAACCAGGTCAATGGG-1",16.9667925643877
"TAACCAGTCCTTGACC-1",2.40158660306537
"TAACCAGTCTTCACGC-1",3.70261182209071
"TAACGACGTGACAACG-1",16.2679638131929
"TAACGACTCCGTAATG-1",10.6556367620645
"TAACTTCAGAAGCTGC-1",16.8361202442794
"TAACTTCAGGGCCAAT-1",16.128191804043
"TAACTTCCATCATTGG-1",3.73966729304354
"TAACTTCGTGTTAACC-1",7.56829562371325
"TAAGCACAGCAACTTC-1",4.76223500343468
"TAAGCACTCATTACTC-1",3.59617776758363
"TAAGCGTCATTACGGT-1",15.1898909369794
"TAAGCGTGTAACGCGA-1",16.6919785946889
"TAAGCGTGTGGCTGCT-1",16.9331762197857
"TAAGCGTTCTTTCTAG-1",13.3273037540895
"TAAGTCGAGACTAAGT-1",1.03804480248622
"TAAGTCGCAATAACCC-1",4.96037832121715
"TAAGTCGTCTGTGTGA-1",13.647786524868
"TAATCTCCAATGAAAC-1",7.77916460850787
"TACAACGAGGCCACTC-1",7.99504886438671
"TACACCCAGAGGTATT-1",15.9879135845455
"TACACCCCAATCAAGA-1",13.8805029124018
"TACACCCGTGGTTTGT-1",11.4130360768715
"TACACCCTCCACGTCT-1",3.74325475960847
"TACACCCTCTCCGAAA-1",13.3273038296511
"TACAGGTAGCAAGTCG-1",0.575758608732729
"TACAGGTAGTGGTCAG-1",16.0891798941479
"TACAGGTCAATCGCCG-1",3.22099867434283
"TACAGGTCAGAATCGG-1",16.1891248540244
"TACAGGTGTCGTGGAA-1",16.6425168298526
"TACAGGTGTCTTCTAT-1",15.2051208240998
"TACAGGTTCTTCCTAA-1",3.59418202989525
"TACATTCAGCGTCAAG-1",7.3480549681382
"TACATTCCAACGCCCA-1",15.7103013044375
"TACATTCTCGTTAGTG-1",11.3193213149204
"TACCCACCAATGTTGC-1",0.150005816266002
"TACCCACCATGAAAGT-1",8.95969686537726
"TACCCACGTAGATGTA-1",4.3351717696624
"TACCCACTCCATCTGC-1",13.881785211136
"TACCCGTAGACCGCCT-1",14.5431380655002
"TACCCGTCACTGTCCT-1",13.9590501963341
"TACCCGTGTTATAGCC-1",12.9022274974023
"TACCGAATCGGTCACG-1",13.3273039052127
"TACCGAATCTCCTGTG-1",13.1372535175122
"TACCGGGAGCCTAACT-1",15.7273882790465
"TACCGGGAGTCGCCCA-1",15.9879136601071
"TACCGGGCAGTACTAC-1",0.432528090913178
"TACCGGGGTACGAAAT-1",4.44132528157121
"TACCGGGTCATTCCTA-1",13.7664062084993
"TACCTCGTCACGATCA-1",3.59418210545685
"TACCTGCTCGCCGTGA-1",7.95549262432156
"TACGCTCAGCGAACTG-1",13.4711539326765
"TACGCTCGTCAACATC-1",8.95969694093885
"TACGGGCAGTATGACA-1",13.3273039807743
"TACGGGCCACCGGAAA-1",15.4997649083251
"TACGGGCCACGTAGTT-1",1.2979902744273
"TACGGGCTCCAAGCTA-1",13.5559463574304
"TACGGTAAGCTAAACA-1",13.2424799557092
"TACGGTAAGTAAGAGG-1",11.7207725611316
"TACGGTAGTTTACTTC-1",7.906505909634
"TACGTCCGTCCTCCAT-1",14.4914144940924
"TACTGCCAGGACGCTA-1",9.19194751316208
"TACTGCCAGTTTAGGA-1",13.8802030411819
"TACTGCCCAATTGAAG-1",14.1824358659296
"TACTGCCGTTTCGCTC-1",13.634211502368
"TACTTACGTTGCTAGT-1",3.74325483517006
"TACTTACTCCCAGCGA-1",13.3273040563359
"TACTTACTCCGCAACG-1",1.32936838233953
"TACTTCAGTCAGGAGT-1",1.53892551389589
"TACTTCAGTCCGAAAG-1",13.4790142655326
"TACTTGTAGGTCGAGT-1",0.0109159433184485
"TACTTGTCACCCTATC-1",7.8279115701047
"TACTTGTTCTGTCGTC-1",9.24191202420431
"TAGACCAAGAGGATCC-1",16.7757320686345
"TAGACCACACTTCCTG-1",1.78081776765291
"TAGACCAGTTCCTAAG-1",13.3273041318975
"TAGACCATCCCTTTGG-1",15.7285030622027
"TAGACCATCTACTGAG-1",16.7675768689675
"TAGACTGAGCCATTCA-1",10.928298124015
"TAGACTGCAGCTGTAT-1",14.002475194352
"TAGAGTCCACCACTGG-1",2.09680143961931
"TAGAGTCTCAAACGTC-1",15.1093566589631
"TAGAGTCTCCACGAAT-1",8.1582211045088
"TAGATCGAGATGCCGA-1",3.74325491073165
"TAGATCGAGGTGCCAA-1",0.0109158677568577
"TAGATCGCATGAAAGT-1",13.9289165108898
"TAGCACAAGACTTCCA-1",2.77039373141059
"TAGCACAGTATCAGGG-1",16.8136351552448
"TAGCACAGTCGTATTG-1",14.607072753083
"TAGCACAGTTCAGCTA-1",15.9879137356687
"TAGGGTTCATTCTTCA-1",8.28100802091486
"TAGGGTTGTCAGCGTC-1",3.59418218101844
"TAGGGTTTCTCGGTAA-1",12.6433244526335
"TAGGTACAGACAACAT-1",3.74325498629324
"TAGGTACAGAGAGGGC-1",13.2973733533434
"TAGGTACCACAGTACT-1",3.74325506185483
"TAGGTACCAGAACTAA-1",11.7024680990266
"TAGGTACCATATCTCT-1",9.68995715957814
"TAGGTTGAGCGAGAAA-1",3.59418225658003
"TAGGTTGCAAGGACAC-1",7.99687475974546
"TAGGTTGCACGACGTC-1",13.3273042074591
"TAGGTTGTCGATGCTA-1",14.3026031881413
"TATACCTCACGAAGAC-1",1.33237887502629
"TATACCTCAGCTATAC-1",14.328702718964
"TATACCTGTACGTACT-1",7.82791164566629
"TATACCTGTTGTTGAC-1",11.6316524782373
"TATCAGGCAAACGGCA-1",0.891220681948797
"TATCAGGGTTTACTTC-1",3.72359603605597
"TATCAGGTCCGAAATC-1",8.95969701650044
"TATCAGGTCCTGCCAT-1",9.55854333784675
"TATCCTAAGGAGCTGT-1",12.6433245281951
"TATCCTAAGGGTATAT-1",7.54089995728169
"TATCCTACACGCTGTG-1",0.42720523260333
"TATCCTACACGGGTAA-1",4.96037839677874
"TATCCTAGTAACTAAG-1",16.7805729755204
"TATCGCCAGTCGAAAT-1",13.1169162264403
"TATCGCCCACGTACAT-1",17.0050493963166
"TATCGCCTCACCTGTC-1",13.4010172346649
"TATCTGTGTAATGCTC-1",7.72825312277046
"TATCTGTTCTGAATGC-1",13.4508094182669
"TATCTTGAGCTATCTG-1",13.1615332015952
"TATTCCAAGAGTCACG-1",0.161062789441376
"TATTCCAAGTAGATCA-1",0.0109157921952669
"TATTCCAAGTGGATTA-1",13.8808702310219
"TATTCCACAAAGGAGA-1",1.33237895058788
"TATTCCATCTGCGGGT-1",12.7936839757188
"TATTCCATCTTCCTAA-1",10.0538640462378
"TATTGCTCAGCGGATA-1",15.7923667875134
"TATTGGGTCGTTCATT-1",10.5131193750845
"TATTTCGCATAACAGA-1",15.9011342528907
"TATTTCGGTCTAGATC-1",11.4508016686285
"TATTTCGTCCCAATAG-1",9.95092959188957
"TCAAGACCACGCCACA-1",12.4671868097308
"TCAAGCAAGTTGTCAC-1",13.6779137932626
"TCAAGCAGTTGCTCGG-1",2.40158667862696
"TCAAGCAGTTGGTACT-1",15.9879138112303
"TCAAGCATCATCGACA-1",11.2290872992812
"TCAAGTGCAAGAGGTC-1",13.0292265933553
"TCAATCTCACCATAAC-1",13.9886406983999
"TCAATCTGTCAAAGAT-1",7.63281196273739
"TCAATCTGTTCCTTGC-1",3.71834379029399
"TCAATCTTCGCAATTG-1",13.8814097558519
"TCAATTCCAACCGGAA-1",14.8630660400961
"TCAATTCTCTCGCGTT-1",8.95969709206203
"TCACAAGTCTTAGCTT-1",3.60084680310263
"TCACACCGTGGAACCA-1",3.59418233214162
"TCACATTAGCCTGCCA-1",9.24081043405159
"TCACATTCAGCGACAA-1",9.79464539210052
"TCACATTCAGGTCAGA-1",16.5735094153371
"TCACATTGTATACCCA-1",1.32491767357217
"TCACATTGTTCCTAAG-1",9.78902993530675
"TCACGCTCAACAGATA-1",8.31690616013046
"TCACGCTGTGTTCCTC-1",16.9803775769508
"TCACGCTTCAAGCCTA-1",8.01468743711036
"TCACGCTTCCCGTAAA-1",13.8802031167435
"TCACGCTTCCCTCTAG-1",13.1412702422576
"TCACGCTTCGGCTGAC-1",7.18789912018526
"TCACGGGAGGATACAT-1",3.59418240770321
"TCACGGGGTTAGAGAT-1",13.2661904173711
"TCACTATAGACCATTC-1",13.6247769107634
"TCACTATCACGACGTC-1",15.3650049291949
"TCACTATGTGAGTCAG-1",1.26405895078285
"TCACTATTCCGACAGC-1",3.71668693904041
"TCACTATTCGACGCGT-1",7.57418995670236
"TCACTATTCGGCTTGG-1",16.6379734694771
"TCACTCGAGCGGGTTA-1",14.8325829873492
"TCACTCGGTATGGTAA-1",13.3273042830207
"TCACTCGTCTAACGGT-1",15.8720005119253
"TCAGCAATCAAGCGTT-1",10.1029218428714
"TCAGCCTAGCAGAAAG-1",16.836120319841
"TCAGGGCAGCTGACAG-1",0.0430999233143288
"TCAGGGCAGTGGGAAA-1",0.225195431457303
"TCAGGTACACGACAAG-1",1.33237902614947
"TCAGGTACAGATTTCG-1",15.3157263443713
"TCAGGTATCTGAGAAA-1",13.224695129898
"TCAGTCCAGGTCCCGT-1",12.9938511392031
"TCAGTGAAGTCTGGTT-1",14.0944352121467
"TCAGTGACAACCTATG-1",12.4928198131275
"TCAGTGAGTACTGCGC-1",8.17664526436303
"TCAGTGAGTCGATTCA-1",13.9608767230426
"TCAGTGAGTTGACTAC-1",0.0109157166336762
"TCAGTTTAGCAATTAG-1",11.6050722561756
"TCAGTTTAGGTACAAT-1",7.14558290482032
"TCAGTTTGTGTTACTG-1",9.80777827352634
"TCATATCCAACACAGG-1",1.33237910171106
"TCATATCCAGATCACT-1",4.94274532759835
"TCATCATAGAAGTATC-1",13.8814239943308
"TCATCATCACCCTTGT-1",13.100199348045
"TCATCATGTGGGCTTC-1",8.08487446029617
"TCATCATTCAACGTGT-1",8.1182515230923
"TCATGAGCAAATCGGG-1",10.1795410886368
"TCATGCCCAATTGCGT-1",16.1136718479935
"TCATGGATCGCAGTCG-1",0.0109156410720854
"TCATGTTAGCTAGAAT-1",13.3273043585823
"TCATGTTGTTGACTAC-1",13.8810398633384
"TCATGTTTCACTTTGT-1",13.3273044341439
"TCATTACCAAATTGGA-1",13.3273045097055
"TCATTACTCAGGACGA-1",13.1463668164749
"TCATTACTCGGATAAA-1",15.2962159137132
"TCATTGTCATGGCTAT-1",13.8817471962643
"TCATTGTTCAAGAGTA-1",3.66648043154209
"TCATTGTTCAGCTTCC-1",13.9886407739615
"TCATTTGAGGGCTTCC-1",9.55031562063363
"TCATTTGCAACCTATG-1",13.0292266689169
"TCATTTGGTAGAGACC-1",16.9597608090254
"TCATTTGTCCGAGTGC-1",3.22580438802602
"TCCACCACAGCTTTCC-1",13.3127220625875
"TCCACCAGTTCTCGTC-1",13.0998814729787
"TCCACCATCATCGTAG-1",16.8076305644696
"TCCACGTAGCGAATGC-1",13.0292267444785
"TCCACGTAGTAAACAC-1",10.6519585388086
"TCCACGTCAACGATCT-1",16.7993683978517
"TCCACGTCAGCAGTAG-1",3.5941824832648
"TCCACGTTCAAGTTGC-1",15.9879138867919
"TCCAGAAAGCACTCAT-1",10.0578580428062
"TCCAGAAAGCTGAAAT-1",12.621960099409
"TCCAGAAAGGTGGTTG-1",13.0793152788721
"TCCATCGAGACGATAT-1",13.5356652384226
"TCCATCGCAGTAGTGG-1",13.9886408495231
"TCCATCGTCCACTTCG-1",8.03646999714975
"TCCATCGTCGGTAACT-1",12.6176348823652
"TCCATGCCAGAAGTTA-1",2.40158675418855
"TCCATGCCAGTGAGCA-1",11.2537035437404
"TCCATGCCATTATGCG-1",16.1870703989664
"TCCCACAAGGGATCAC-1",2.24527645003854
"TCCCACACAAAGGAGA-1",2.73374346212577
"TCCCACACAACTCGAT-1",13.9382498455777
"TCCCACACACGCGTCA-1",12.5709275543679
"TCCCAGTAGGGATGTC-1",4.46393530685708
"TCCCAGTAGGTCATTC-1",12.6433246037566
"TCCCAGTCAATAACGA-1",7.82791172122788
"TCCCAGTTCAAGTAAG-1",11.4892962400875
"TCCCATGAGCTATCTG-1",16.1874505927307
"TCCCATGGTCGACTTA-1",0.0109155655104947
"TCCGAAAAGATGTTAG-1",12.9990512250779
"TCCGAAAAGTTCATCG-1",13.4798699629561
"TCCGAAATCTGTCAGA-1",7.82791179678947
"TCCGATCAGTGGGAAA-1",0.0109154899489039
"TCCGATCTCTCATTGT-1",16.1723147392459
"TCCGTGTCACTACTTT-1",14.491414569654
"TCCGTGTTCTCGGTAA-1",16.2956601750821
"TCCTAATGTACCCGAC-1",3.66843585139584
"TCCTAATGTGACACAG-1",8.95969716762362
"TCCTAATTCTCTATAC-1",13.9860393650805
"TCCTCCCCACGTAGTT-1",2.06574313329074
"TCCTCCCGTTAACAGA-1",10.1931821653127
"TCCTCCCTCTGCTGAA-1",13.9886409250847
"TCCTCGAAGAAATTGC-1",9.09183867049772
"TCCTCGACAAAGAGTT-1",15.9879139623535
"TCCTCGAGTCTGTAAC-1",11.319321390482
"TCCTCGAGTTTACTGG-1",3.67481555162717
"TCCTCGATCGAGGCAA-1",9.31788350695014
"TCCTCTTTCTCTATGT-1",13.327304585267
"TCCTGCACACATATCG-1",13.3273046608286
"TCCTGCAGTAGGTAGC-1",4.25921422429741
"TCCTGCAGTTAGGGTG-1",11.1862604063882
"TCCTGCATCGAACACT-1",7.74591127696099
"TCCTTCTCACGCGCTA-1",3.72452049034265
"TCCTTCTGTAAGATAC-1",9.95092966745116
"TCGAACAAGTCACACT-1",1.50451552663304
"TCGAACACAGCAGGAT-1",17.005613372485
"TCGAAGTAGGCGTTAG-1",13.3273047363902
"TCGAAGTTCATTCACT-1",8.95969724318521
"TCGAAGTTCTTGGAAC-1",7.8765992365621
"TCGACCTCAAGAGCTG-1",13.0502393050392
"TCGACCTCAGACCAAG-1",13.555946432992
"TCGACGGAGCAATTCC-1",0.0257789937162447
"TCGACGGGTACCGCGT-1",15.0092531135069
"TCGACGGGTCGATTCA-1",10.8012016655208
"TCGATTTAGGACAAGA-1",7.73047124216555
"TCGATTTCAACACGTT-1",4.90647836075438
"TCGATTTTCATGAGGG-1",13.3273048119518
"TCGCAGGAGGTTAGTA-1",9.95092974301275
"TCGCAGGAGTTAGTGA-1",15.7534775046289
"TCGCTCAAGAGAGTGA-1",1.74941735822514
"TCGCTCACAGTTCCAA-1",1.94140380262125
"TCGCTCAGTCTACAAC-1",16.2455391033584
"TCGCTTGAGACCAAGC-1",0.0109154143873131
"TCGCTTGTCAAGTTGC-1",16.1748881236047
"TCGGATATCACTGAAC-1",15.2439007624295
"TCGGATATCATACAGC-1",10.5958286553703
"TCGGATATCGCTTAAG-1",13.6566822271274
"TCGGATATCTTAGGAC-1",8.9596973187468
"TCGGGCAAGCACCGAA-1",13.583793818418
"TCGGGCACAAGCAATA-1",16.6269106024977
"TCGGGCATCTCGACCT-1",13.9697071017424
"TCGGGTGCACCATTCC-1",13.2189297767756
"TCGGGTGTCCTTCTGG-1",0.891220757510388
"TCGGTCTAGACTAGAT-1",11.6224608158935
"TCGGTCTAGAGCTGAC-1",11.7538743984846
"TCGGTCTTCCGGTTCT-1",3.44394551429677
"TCGGTCTTCCTTCACG-1",8.95969739430839
"TCGGTCTTCGAACTCA-1",16.4040126274321
"TCGGTCTTCGTGCACG-1",15.8741741763456
"TCGTCCAAGGTAGATT-1",14.1058798615369
"TCGTCCAGTAATGATG-1",11.7222191241832
"TCGTGCTCAGTGGCTC-1",13.3273048875134
"TCGTGCTGTATGTGTC-1",16.5735094908987
"TCGTGCTTCCACTTTA-1",3.59418255882639
"TCGTGCTTCCCGAACG-1",12.5427131300195
"TCGTGCTTCGTGGACC-1",16.0891799697095
"TCGTGCTTCTCGTTTA-1",8.95969746986998
"TCGTGCTTCTGCGAGC-1",16.0716805864063
"TCGTGGGAGGCGAACT-1",0.0745702869466345
"TCGTGGGCACCGGCTA-1",16.6287008180048
"TCTAACTAGAGAGCCT-1",15.5417843884635
"TCTAACTCACCTGCTT-1",10.0629196926902
"TCTAACTGTCAGTCTA-1",1.4324350703756
"TCTAACTGTCCGACGT-1",0.0963440265290134
"TCTACATGTCGCCACA-1",13.327304963075
"TCTACCGCAACGATTC-1",12.6035677206272
"TCTACCGTCTGGTGGC-1",11.4907009690197
"TCTATACCATAGCACT-1",16.0889720027629
"TCTATCATCTAACACG-1",4.96037847234033
"TCTCACGAGGATATAC-1",13.6229054618881
"TCTCACGGTCATCGGC-1",10.0589217339175
"TCTCACGGTGCCGTAC-1",0.103875496738972
"TCTCAGCCAGCTACAT-1",13.8142331320007
"TCTCAGCTCGATAACC-1",13.3273050386366
"TCTCCGAAGCGTTCCG-1",13.3119174931475
"TCTCCGAGTGCACGCT-1",16.8458115122917
"TCTCCGATCTACGGGC-1",12.6513379801543
"TCTCTGGAGCACCGAA-1",15.7710134358259
"TCTCTGGCAGAAGTGC-1",13.3273051141982
"TCTGCCAAGCTACGTT-1",9.54256093654397
"TCTGCCAAGGCAGTCA-1",0.0109153388257224
"TCTGCCAAGTCTGGTT-1",16.4765064662027
"TCTGGCTCAACTTGCA-1",4.39775936930428
"TCTGGCTGTTCCGCGA-1",13.3273051897598
"TCTGGCTTCGCAGATT-1",0.0109152632641316
"TCTGTCGAGCCTCAGC-1",0.0109151877025409
"TCTGTCGGTTCTAAGC-1",14.4914146452156
"TCTGTCGTCTTTACAC-1",11.4508017441901
"TCTTAGTCACCGTACG-1",13.2431737166894
"TCTTCCTTCATCTACT-1",14.4445085875852
"TCTTGCGAGCTTTCCC-1",16.2439827833845
"TCTTGCGGTGCTCTTC-1",3.59174731091366
"TCTTGCGTCCCTCGTA-1",16.1884718545588
"TGAACGTAGATTGGGC-1",0.0109151121409501
"TGAATCGAGATGGCAC-1",11.3193214660436
"TGAATCGCAACCCTAA-1",15.9879140379151
"TGAATGCAGCACAAAT-1",15.1626098424136
"TGAATGCAGCATGTTC-1",8.15559980573261
"TGAATGCAGTCCGCGT-1",16.6287008935663
"TGACAGTGTCAAGCCC-1",12.6047137274122
"TGACAGTGTGGAACCA-1",12.6077449085925
"TGACCCTGTTGCGGAA-1",13.9289165864514
"TGACGCGGTATCGATC-1",3.42207750524735
"TGACGCGGTCTAGTGT-1",8.12275993223988
"TGACGCGGTGATCATC-1",16.1732930456421
"TGACTCCAGCAGCACA-1",13.3273052653214
"TGACTCCAGGTATCTC-1",16.5735095664603
"TGAGACTAGATTGAGT-1",0.0109150365793593
"TGAGACTAGCGTCAGA-1",3.59418263438798
"TGAGACTGTCAGGAGT-1",16.1872152034507
"TGAGACTGTTGGGACA-1",13.9886410006463
"TGAGCATCACTCCCTA-1",3.59418270994957
"TGAGCATTCCGTGTCT-1",15.9879141134767
"TGAGCATTCGTCCATC-1",3.59418278551116
"TGAGCGCAGAGCACTG-1",4.37659533154212
"TGAGCGCCATCACCAA-1",13.327305340883
"TGAGCGCTCTAGTGTG-1",13.5400504737119
"TGAGCGCTCTTCGTGC-1",0.0109149610177686
"TGAGGAGAGGTAGGCT-1",10.893972003982
"TGAGGGATCATCCTGC-1",16.1170726631558
"TGAGGTTTCGAGTTGT-1",13.9515951120429
"TGAGTCAAGGTGATAT-1",13.7621177964405
"TGAGTCATCGGCTGAC-1",11.1733812589585
"TGATCAGAGACGCAGT-1",4.25017574671617
"TGATCAGCAGAAGTTA-1",13.3273054164445
"TGATCTTAGATCCCGC-1",11.3193215416052
"TGATGCACAGAGAGGG-1",16.6623362020378
"TGATGCACAGCTTTCC-1",12.4066613571553
"TGATGGTTCCATACAG-1",10.5131194506461
"TGATTCTAGTCGGGAT-1",3.59418286107275
"TGATTCTCACGTATAC-1",3.74325513741642
"TGATTTCAGGCGCTTC-1",9.43815850317729
"TGATTTCGTAAGCGGT-1",16.5003990089732
"TGATTTCTCATTACTC-1",16.1868168958798
"TGATTTCTCCGACATA-1",9.80777834908793
"TGATTTCTCCGAGCTG-1",8.95969754543157
"TGCACGGCAATTGCGT-1",7.92786830751446
"TGCAGATCAACGACAG-1",0.0104981850250967
"TGCAGATGTATCACGT-1",1.29234699791644
"TGCAGATTCGTTGTAG-1",0.0109148854561778
"TGCAGGCCATCGATAC-1",16.0972214290332
"TGCAGGCTCCGTGGGT-1",16.7664271492146
"TGCAGTAGTTCGAAGG-1",15.1003679774108
"TGCATCCGTCTAACGT-1",9.95092981857434
"TGCATCCGTGTCCGGT-1",3.59418293663434
"TGCATGAAGGACTGGT-1",13.3273054920061
"TGCCGAGAGCAAATGT-1",13.0763695669296
"TGCCGAGAGTATTGCC-1",10.0646944341306
"TGCCGAGTCCTTCAGC-1",11.034258592832
"TGCGACGCAAATACAG-1",13.6840678694407
"TGCGACGGTCGAGTGA-1",16.5265537368525
"TGCGACGTCCAGTGCG-1",15.9879141890383
"TGCGATAAGCCACTCG-1",13.3273055675677
"TGCGATATCCTTCTTC-1",15.2993694243736
"TGCGGCACAAGATTGA-1",10.1826860677088
"TGCGGCATCTGTAACG-1",1.2273272892715
"TGCGGGTAGAGAAGGT-1",13.9830370095108
"TGCGGGTAGGCCTTCG-1",12.5544482031421
"TGCGGGTGTCGGATTT-1",15.7994782565074
"TGCGGGTGTGAGCAGT-1",1.33237917727265
"TGCGGGTTCGAGAGAC-1",7.9380326003879
"TGCTCCAAGGATTTAG-1",0.010914809894587
"TGCTCCAGTCGAACAG-1",10.0775994632959
"TGCTCCAGTTCAACGT-1",1.33237925283424
"TGCTCCAGTTCTTGCC-1",13.8902907477621
"TGCTCGTGTCTTGAGT-1",13.0292268200401
"TGCTGAAAGTGTTGTC-1",12.5509289606681
"TGCTGAAGTAGGCAGT-1",14.0234325188964
"TGCTGAAGTCGTGTTA-1",14.2928487739603
"TGCTTCGTCGGCTTCT-1",12.5675159356257
"TGCTTGCCACACAGAG-1",15.6255477283754
"TGCTTGCGTAACGTTC-1",11.5436613804117
"TGCTTGCGTCACAGTT-1",0.0109147343329963
"TGGAACTAGCTGAGTG-1",15.977774320026
"TGGAACTAGGGTCACA-1",15.7710135113875
"TGGAACTAGGTATTGA-1",11.4571941781026
"TGGAACTCACTGTCGG-1",13.928916662013
"TGGAACTCACTTGTGA-1",13.2653270784788
"TGGAACTCAGACGCTC-1",14.1035209617097
"TGGAACTGTTTGTTCT-1",16.2903088423182
"TGGAACTTCGGTAAGG-1",16.2679638887545
"TGGAGAGCAAGCGCTC-1",12.7789880576788
"TGGAGAGCATTGGCAT-1",13.8181518326635
"TGGAGGAGTAGGCAAC-1",1.33848657574825
"TGGATCAGTGCATTTG-1",13.0818571664957
"TGGATGTCAAAGACGC-1",13.0025270797577
"TGGATGTCAGCTCGGT-1",13.0292268956017
"TGGATGTGTTTACCTT-1",16.1899457877124
"TGGATGTTCGTAGCTA-1",15.8161286392614
"TGGCGTGAGACCTGGA-1",11.1157765633364
"TGGCGTGAGTGCGCTC-1",15.9574362202238
"TGGCGTGAGTTGAAAC-1",15.9879142645999
"TGGCGTGCATATGAAG-1",11.6935615264137
"TGGCGTGGTCAAAGTA-1",0.0109146587714055
"TGGCGTGGTTTCCCAC-1",16.7916478101202
"TGGCGTGGTTTCTATC-1",0.0109145832098148
"TGGCGTGTCCACCTCA-1",14.4914147207772
"TGGGAAGCACGGCGTT-1",0.010914507648224
"TGGGAAGTCGCTGTTC-1",15.625547803937
"TGGGAGATCGCACTCT-1",12.653805051555
"TGGGATTAGAGATTCA-1",9.80777842464952
"TGGGATTCACCTCTGT-1",13.3273056431293
"TGGGATTCATGTTCAG-1",13.5559465085536
"TGGGATTTCAAGATAG-1",16.6809132456124
"TGGGATTTCTGAGCAT-1",11.4128187870732
"TGGGCGTCAACCCTAA-1",13.3273057186909
"TGGGCGTCACCTGCGA-1",13.1321359200038
"TGGGCGTGTGCAACGA-1",16.8894223161141
"TGGGCGTTCATGAGAA-1",0.902903677853142
"TGGGCTGAGATCGCCC-1",8.013111998153
"TGGGCTGAGCAACAAT-1",14.8325830629108
"TGGGCTGGTCAGTCGC-1",10.0549375215152
"TGGGTTAGTCAGATTC-1",0.0109144320866332
"TGGGTTATCGGAGTAG-1",16.3020129770156
"TGGGTTATCTTCTGGC-1",12.913027506555
"TGGTACAAGCGGCTCT-1",0.425439572065212
"TGGTACACACAGACGA-1",16.9310696905051
"TGGTACACAGCAATTC-1",3.58512300695701
"TGGTACATCGTGTGAT-1",7.86272088396405
"TGGTAGTAGTGGGAAA-1",0.249939834887023
"TGGTGATAGAAGCCAC-1",9.95092989413593
"TGGTGATTCAACCTTT-1",16.0891800452711
"TGGTTAGGTTGCGTAT-1",2.65999066158209
"TGTAACGAGCGCCGTT-1",13.0292269711633
"TGTAAGCAGTACTGGG-1",1.29254151838208
"TGTAAGCCAGCATGCC-1",11.1551172237995
"TGTAAGCCATACCGTA-1",13.9021800167484
"TGTAAGCGTGCCGAAA-1",11.7538745496078
"TGTAAGCGTTCCGGTG-1",8.95969762099316
"TGTAAGCTCACGAACT-1",16.6287009691279
"TGTAAGCTCGGTCAGC-1",13.2840251533089
"TGTACAGGTCCACGCA-1",0.0109143565250425
"TGTAGACAGGACGGAG-1",11.4045043911128
"TGTAGACAGTGGTTGG-1",13.8802031923051
"TGTAGACCAGCAGATG-1",4.32786874252633
"TGTCAGAAGGTGGGTT-1",15.9879143401615
"TGTCAGAGTCGTATTG-1",8.95969769655476
"TGTCCACAGCACCGTC-1",8.87812039551666
"TGTCCACGTCTGTCCT-1",0.0109142809634517
"TGTCCCACAATTCTCT-1",1.9504108760068
"TGTCCCACACGCTATA-1",0.30729580778144
"TGTCCTGTCCTCTAGC-1",0.90607278261428
"TGTGAGTAGACTCATC-1",1.31853345003533
"TGTGAGTAGGCATTTC-1",16.1885009987465
"TGTGAGTCAGGTCAGA-1",0.0109142054018609
"TGTGAGTCATTCCTAT-1",9.70636325852399
"TGTGAGTGTTCTGAGT-1",0.0109141298402702
"TGTGATGCAACTTCTT-1",16.1835240878356
"TGTGCGGAGGACAGCT-1",12.4963006076438
"TGTGCGGCAGCAGAAC-1",13.5559465841152
"TGTGGCGAGTATCTGC-1",14.2985016136404
"TGTGTGACAGAGTAAT-1",16.2950476412874
"TGTGTGATCCGTAATG-1",11.3193216171668
"TGTTACTGTGGTCCGT-1",16.9025502061544
"TGTTACTGTTAGCTAC-1",12.6052524413519
"TGTTCATCAAACCATC-1",15.987914415723
"TGTTCCGAGGCATCAG-1",13.6314055127075
"TGTTCCGGTAGCCAGA-1",15.9879144912846
"TGTTGAGCAGTAGATA-1",13.5846713526849
"TGTTGAGTCCCAAGCG-1",9.66538912653214
"TTAATCCGTGATACAA-1",2.89110438068096
"TTACAGGGTGTTCGTA-1",14.4914147963388
"TTACCATAGCACCCAC-1",13.2936798709638
"TTACCATAGTAAAGCT-1",15.0311347980023
"TTACCATGTTCTCTAT-1",15.1890061271707
"TTACCGCAGGAGTCTG-1",16.878693168551
"TTACCGCTCAAGGAGC-1",16.0728864136441
"TTACCGCTCGGTAAGG-1",12.6433246793182
"TTACGCCGTCTACAAC-1",4.97106544210545
"TTACGCCGTCTGTTAG-1",3.59418301219593
"TTACGTTAGACCTTTG-1",0.57575868429432
"TTACGTTAGATCCTAC-1",17.0680737883471
"TTACGTTCATTACTCT-1",15.0819730410071
"TTACGTTTCTCGGTCT-1",10.7387329578023
"TTACTGTAGAATAACC-1",14.0058260229335
"TTACTGTTCTACCAGA-1",10.2360140750646
"TTAGGCAAGGACGCAT-1",16.6287010446895
"TTAGGCAAGTCGGGAT-1",12.4031316438466
"TTAGGCAGTATCGTTG-1",16.1214533845145
"TTAGGGTCACACGTGC-1",15.7442812995044
"TTAGGGTCATTCTCTA-1",3.60962386055492
"TTAGGGTGTTCCTTGC-1",1.47545887963844
"TTAGGGTTCGGTAGGA-1",13.5559466596768
"TTAGTCTCAACCGTAT-1",15.9879145668462
"TTATTGCGTCTCAAGT-1",16.1894529216526
"TTATTGCTCCACTGGG-1",12.6039192035514
"TTCAATCTCAAACGTC-1",1.33237932839583
"TTCACCGAGGGCCCTT-1",3.72927394895149
"TTCACCGCAGGACAGT-1",11.0436673166293
"TTCACCGTCCCTCTCC-1",13.5912332371465
"TTCACCGTCCTTCGAC-1",15.6285843832327
"TTCACCGTCGACCAAT-1",13.5356653139842
"TTCACGCAGAGTCGAC-1",16.189812440471
"TTCACGCCACAACGCC-1",13.1078734157854
"TTCAGGAAGAATCGAT-1",12.6395867173369
"TTCAGGAAGAGTGTGC-1",0.0109140542786794
"TTCATGTAGGAGAGTA-1",16.1136719235551
"TTCATGTTCTGTAAGC-1",16.1885580571058
"TTCATTGAGGTCTACT-1",15.9879146424078
"TTCATTGGTAGACGGT-1",12.4894087007577
"TTCATTGTCCAAACCA-1",7.7634090288672
"TTCATTGTCGAGTGAG-1",3.64592412091963
"TTCCAATAGCGTCTGC-1",13.0292270467249
"TTCCAATAGGACTATA-1",16.1891589930591
"TTCCAATGTGTGACCC-1",12.8374173100469
"TTCCAATGTTCCAGGC-1",3.59418308775753
"TTCCACGAGAGATCGC-1",16.6979179211133
"TTCCACGCAAGAATGT-1",13.2497224608849
"TTCCGGTAGCCTCAAT-1",8.95969777211635
"TTCCGGTAGCTGACAG-1",2.77318112781123
"TTCCGGTCACGCTGAC-1",17.0201248197012
"TTCCGTGCAATGAACA-1",11.6690645480038
"TTCCGTGTCGCTATTT-1",15.4892491915252
"TTCCTAATCCACCCTA-1",0.0109139787170887
"TTCCTAATCTCCCAAC-1",7.82791187235106
"TTCCTCTCACATTGTG-1",8.09693772488964
"TTCCTCTCATGGACAG-1",15.9879147179694
"TTCCTTCAGCTGCGAA-1",16.676764592563
"TTCCTTCAGGGCGAAG-1",14.4823489904903
"TTCCTTCGTAACAGGC-1",2.7678436124448
"TTCCTTCTCCCAGGCA-1",1.33237940395742
"TTCGATTCACACGCCA-1",8.71510840049923
"TTCGATTCATTCAGGT-1",15.987914793531
"TTCGATTGTTGCAAGG-1",13.8809674674246
"TTCGATTTCAAGGACG-1",12.8651133082591
"TTCGCTGAGCGTGCCT-1",16.1878198093998
"TTCGCTGAGGCGTTGA-1",16.2051172760025
"TTCGCTGAGTGAATAC-1",16.187366654794
"TTCGCTGCACAACGAG-1",15.3449741773867
"TTCGCTGCATCGATGT-1",13.0292271222865
"TTCGCTGGTCAAAGCG-1",13.7852920421707
"TTCGCTGTCGGTAAGG-1",13.0535978569406
"TTCGGTCGTAGCCCTG-1",0.0109139031554979
"TTCTAACGTACACGTT-1",13.5559467352384
"TTCTAACGTGCATACT-1",7.82791194791266
"TTCTAACGTGCATGTT-1",16.1114925242539
"TTCTAACTCTCCGAAA-1",13.0292271978481
"TTCTAGTCAAGGAGTC-1",7.38257282776997
"TTCTAGTCACTCCGAG-1",15.7338300759144
"TTCTAGTGTGTGTACT-1",1.31819722401961
"TTCTAGTGTTCATCTT-1",12.563150232254
"TTCTGTAAGCGCCATC-1",13.1184114676502
"TTCTGTACAGGGACTA-1",0.0109138275939071
"TTCTGTAGTTGGAGGT-1",15.6255478794986
"TTCTGTATCCAGTGCG-1",3.59418316331912
"TTCTTCCAGACCTTTG-1",0.113703639163357
"TTCTTGAAGACGAGCT-1",13.2696822396211
"TTCTTGACAAATGGTA-1",9.31790464428682
"TTCTTGACAACAAAGT-1",1.32362929596103
"TTCTTGACACCAATTG-1",11.0964129394965
"TTCTTGATCAAACGAA-1",12.4472617654814
"TTCTTGATCAAGCCAT-1",9.44221522898075
"TTGAACGAGAAGTCCG-1",16.1984895745599
"TTGAACGGTGTTTCTT-1",13.3273057942525
"TTGAACGTCCACGGAC-1",14.1325254018919
"TTGACCCAGGAACATT-1",13.9663174243118
"TTGACCCCAAATAGCA-1",13.2980853362801
"TTGACCCCAGTATTCG-1",8.33458691149381
"TTGAGTGAGTCATGCT-1",16.8361203954026
"TTGAGTGCAGCAGTCC-1",14.8325831384724
"TTGAGTGGTAACGTTC-1",12.0688163321034
"TTGAGTGTCGGTCAGC-1",15.9879148690926
"TTGATGGAGAAATTGC-1",14.939438575145
"TTGATGGAGTCACAGG-1",13.0292272734097
"TTGATGGTCTGATTCT-1",8.47502980224003
"TTGCATTGTCAGCTTA-1",2.40158682975014
"TTGCATTGTGACGTCC-1",1.3161463133659
"TTGCCTGCAAGGAGTC-1",11.057710992427
"TTGCCTGGTACTGCGC-1",13.7861076545238
"TTGCCTGTCAGCGCGT-1",16.1874495170277
"TTGCCTGTCTGCGGGT-1",1.33237947951901
"TTGCGTCGTAAGAACT-1",0.0737183067122231
"TTGCGTCTCGCTAATG-1",11.6162981857191
"TTGCTGCAGCGCCATC-1",14.8325832140339
"TTGCTGCAGCGTCAAG-1",7.31633610779097
"TTGCTGCGTTATGACC-1",16.7642856960759
"TTGGATGTCTCGTTTA-1",12.6418724963395
"TTGGGATCATCAACCA-1",13.8369041106791
"TTGGGATTCCTACCGT-1",11.4945588776148
"TTGGGATTCGGTTAGT-1",13.2081588948813
"TTGGGCGCACCTGCGA-1",13.5559468108
"TTGGGCGGTGTTATCG-1",13.0899042588919
"TTGGGTAGTGCCGTAC-1",16.3408930093296
"TTGGGTAGTGGGTATG-1",0.0109137520323164
"TTGGTTTGTAGATGTA-1",0.0109136764707256
"TTGTGTTAGTCTCCTC-1",0.0652943645677388
"TTGTGTTGTTCCTAAG-1",9.24103434489375
"TTGTTGTAGATCGCTT-1",12.643126642968
"TTGTTTGGTTATAGCC-1",13.3273058698141
"TTTACCAGTGAGGCAT-1",11.9997593754722
"TTTACCAGTTAACAGA-1",10.1857376940425
"TTTACCATCAAGTTGC-1",11.3193216927283
"TTTACGTCAAGAGGTC-1",16.1922736853665
"TTTACGTCAATGAGCG-1",0.894761185829146
"TTTACGTGTTCCTAAG-1",10.5852309454193
"TTTACGTGTTGACTAC-1",11.9457796357028
"TTTACGTTCCGATCGG-1",3.59418323888071
"TTTACGTTCGAGCTGC-1",16.7375616841054
"TTTACGTTCTCAACCC-1",13.8802742613854
"TTTACTGAGCTAGCCC-1",13.1480386084965
"TTTACTGAGCTAGTTC-1",0.0109136009091348
"TTTACTGCATGGTGGA-1",13.9608030164498
"TTTAGTCAGACATCAA-1",9.57913151541029
"TTTAGTCCAAGTGGTG-1",13.9207785477691
"TTTAGTCGTAACGGTG-1",1.15075287728591
"TTTAGTCGTCATGACT-1",12.614506232615
"TTTAGTCGTCCATACA-1",15.8434629154532
"TTTAGTCTCACGAACT-1",3.62610990565354
"TTTAGTCTCCCTGGTT-1",3.69476936325027
"TTTATGCAGACGCTCC-1",3.74325521297801
"TTTATGCCACCATAAC-1",13.8822114857436
"TTTATGCGTCCACACG-1",8.21958778929993
"TTTATGCTCATCCTGC-1",13.0292273489713
"TTTCACAAGCAATTCC-1",2.75270427581011
"TTTCACAGTCCGCAGT-1",11.723684433673
"TTTCAGTTCCGATCTC-1",13.88114247255
"TTTCATGAGAAGTCCG-1",15.2702345257671
"TTTCATGCACAATGAA-1",9.7546823892539
"TTTCATGCATCCAACA-1",7.93643655143551
"TTTCATGGTCCAGCAC-1",10.7979443336289
"TTTCATGTCAGATTGC-1",9.95092996969752
"TTTCCTCAGAGTGAAG-1",11.6974918492662
"TTTCCTCAGCTCGACC-1",13.2797175351406
"TTTCCTCAGGCCTGCT-1",10.1593034851597
"TTTCCTCCACGACGTC-1",10.0523859199902
"TTTCGATCAACTGAAA-1",2.23570180446056
"TTTCGATCACCGTGGT-1",11.3193217682899
"TTTCGATCACGGCCAT-1",7.04647759248406
"TTTCGATTCACCATGA-1",14.4839204045897
"TTTGACTAGTGCACTT-1",16.6780338243611
"TTTGATCGTGTTTGCA-1",15.9866793771495
"TTTGATCTCCTTGGAA-1",13.0292274245328
"TTTGATCTCGATACAC-1",7.28121668264946
"TTTGGAGCACCATTCC-1",15.9810193294833
"TTTGGAGTCCGTCAAA-1",12.6433247548798
"TTTGGTTCACCAGCGT-1",13.3273059453757
"TTTGTTGAGCCTCTCT-1",0.0109135253475441
"TTTGTTGGTTTGGCTA-1",4.92748338196665
"TTTGTTGTCTTTCTAG-1",2.39060913026102
